TIME,ACCX,ACCY,ACCZ,PITCH,ROLL,YAW
0.050000,0.000005,0.000003,0.007352,0.000038,0.000017,0.000008,
0.100000,0.000004,0.000004,0.007351,0.000041,0.000061,0.000022,
0.150000,0.000004,0.000002,0.007351,0.000039,0.000060,0.000023,
0.200000,0.000004,0.000003,0.007344,0.000038,0.000064,0.000026,
0.250000,0.000004,0.000006,0.007353,0.000028,0.000064,0.000026,
0.300000,0.000003,0.000006,0.007350,0.000020,0.000065,0.000028,
0.350000,0.000003,0.000006,0.007349,0.000020,0.000059,0.000029,
0.400000,0.000004,0.000006,0.007348,0.000109,0.000246,0.000029,
0.450000,0.000004,0.000010,0.007342,0.000141,0.000389,0.000030,
0.500000,0.000005,0.000013,0.007353,0.000139,0.000531,0.000030,
0.550000,0.000010,0.000015,0.007355,0.000142,0.000498,0.000033,
0.600000,0.000014,0.000012,0.007352,0.000149,0.000507,0.000032,
0.650000,0.000013,0.000011,0.007350,0.000295,0.000588,0.000086,
0.700000,0.000038,0.000064,0.007348,0.000290,0.000591,0.000126,
0.750000,0.000058,0.000989,0.007336,0.000297,0.000568,0.000842,
0.800000,0.000058,0.002604,0.007331,0.000310,0.000554,0.004173,
0.850000,0.000063,0.003265,0.007331,0.000308,0.000538,0.004933,
0.900000,0.000278,0.003533,0.007340,0.000242,0.000451,0.005048,
0.950000,0.000358,0.003335,0.007342,0.000212,0.000360,0.008219,
1.000000,0.000401,0.003164,0.007343,0.000211,0.000384,0.015226,
1.050000,0.000397,0.002831,0.007346,0.000365,0.000390,0.017314,
1.100000,0.000433,0.002846,0.007348,0.000889,0.000499,0.018006,
1.150000,0.000820,0.003530,0.007346,0.000924,0.000399,0.019573,
1.200000,0.000875,0.004848,0.007346,0.001040,0.000386,0.019875,
1.250000,0.001521,0.004829,0.007357,0.001347,0.001069,0.018669,
1.300000,0.001527,0.003901,0.007358,0.001594,0.001150,0.028504,
1.350000,0.002898,0.003121,0.007356,0.002038,0.001227,0.030626,
1.400000,0.002884,0.003086,0.007350,0.001880,0.001205,0.034241,
1.450000,0.002761,0.002450,0.007348,0.002029,0.001284,0.033439,
1.500000,0.003209,0.002438,0.007336,0.001982,0.001032,0.028654,
1.550000,0.003598,0.002302,0.007331,0.001983,0.001101,0.026525,
1.600000,0.004121,0.002739,0.007331,0.002254,0.000900,0.025693,
1.650000,0.003785,0.003605,0.007340,0.002144,0.000790,0.031365,
1.700000,0.003743,0.003630,0.007338,0.001896,0.000790,0.036968,
1.750000,0.003172,0.003107,0.007349,0.001760,0.000391,0.046623,
1.800000,0.003179,0.002887,0.007353,0.001580,0.000410,0.028411,
1.850000,0.001828,0.002583,0.007357,0.000977,0.000240,0.019845,
1.900000,0.001765,0.003069,0.007357,0.001079,0.000241,0.018336,
1.950000,0.001760,0.002410,0.007359,0.001099,0.000211,0.016876,
2.000000,0.001180,0.001429,0.007364,0.000918,0.000219,0.017429,
2.050000,0.000865,0.001504,0.007363,0.000996,0.000064,0.019589,
2.100000,0.000303,0.002508,0.007361,0.000414,0.000073,0.020487,
2.150000,0.000279,0.002461,0.007356,0.001496,0.000373,0.025182,
2.200000,0.000194,0.002891,0.007363,0.001470,0.000420,0.020632,
2.250000,0.000084,0.002616,0.007339,0.001454,0.000437,0.008770,
2.300000,0.000086,0.002695,0.007332,0.001384,0.000418,0.008786,
2.350000,0.000084,0.002269,0.007337,0.001344,0.000420,0.005815,
2.400000,0.000023,0.001153,0.007339,0.001156,0.000440,0.005506,
2.450000,0.000023,0.000448,0.007339,0.001026,0.000454,0.004856,
2.500000,0.000021,0.000331,0.007336,0.001023,0.000453,0.004807,
2.550000,0.000019,0.000317,0.007333,0.000868,0.000454,0.004715,
2.600000,0.000013,0.000266,0.007355,0.000816,0.000453,0.004743,
2.650000,0.000012,0.000003,0.007350,0.000025,0.000024,0.000010,
2.700000,0.000006,0.000002,0.007347,0.000025,0.000020,0.000012,
2.750000,0.000005,0.000002,0.007351,0.000019,0.000020,0.000015,
2.800000,0.000005,0.000001,0.007353,0.000016,0.000020,0.000016,
2.850000,0.000005,0.000001,0.007356,0.000016,0.000020,0.000023,
2.900000,0.000005,0.000001,0.007356,0.000026,0.000023,0.000021,
2.950000,0.000005,0.000001,0.007356,0.000029,0.000028,0.000027,
3.000000,0.000005,0.000001,0.007354,0.000027,0.000028,0.000027,
3.050000,0.000005,0.000001,0.007357,0.000027,0.000033,0.000026,
3.100000,0.000005,0.000003,0.007347,0.000021,0.000053,0.000024,
3.150000,0.000004,0.000003,0.007350,0.000025,0.000048,0.000028,
3.200000,0.000003,0.000003,0.007348,0.000026,0.000049,0.000026,
3.250000,0.000005,0.000003,0.007350,0.000031,0.000055,0.000023,
3.300000,0.000005,0.000003,0.007348,0.000034,0.000057,0.000024,
3.350000,0.000004,0.000005,0.007336,0.000032,0.000064,0.000019,
3.400000,0.000004,0.000005,0.007331,0.000026,0.000053,0.000018,
3.450000,0.000004,0.000006,0.007331,0.000046,0.000081,0.000020,
3.500000,0.000004,0.000006,0.007340,0.000049,0.000081,0.000020,
3.550000,0.000004,0.000006,0.007338,0.000049,0.000077,0.000020,
3.600000,0.000004,0.000004,0.007349,0.000048,0.000051,0.000019,
3.650000,0.000004,0.000004,0.007353,0.000033,0.000050,0.000015,
3.700000,0.000004,0.000004,0.007357,0.000033,0.000051,0.000015,
3.750000,0.000005,0.000004,0.007365,0.000019,0.000049,0.000013,
3.800000,0.000005,0.000004,0.007369,0.000028,0.000048,0.000015,
3.850000,0.000004,0.000002,0.007372,0.000032,0.000037,0.000014,
3.900000,0.000005,0.000002,0.007375,0.000033,0.000039,0.000016,
3.950000,0.000004,0.000001,0.007375,0.000018,0.000016,0.000008,
4.000000,0.000005,0.000002,0.007367,0.000012,0.000025,0.000009,
4.050000,0.000005,0.000002,0.007369,0.000013,0.000026,0.000012,
4.100000,0.000005,0.000002,0.007358,0.000016,0.000026,0.000011,
4.150000,0.000006,0.000003,0.007358,0.000016,0.000029,0.000012,
4.200000,0.000006,0.000003,0.007356,0.000016,0.000032,0.000013,
4.250000,0.000008,0.000003,0.007354,0.000024,0.000037,0.000014,
4.300000,0.000007,0.000004,0.007350,0.000017,0.000042,0.000012,
4.350000,0.000007,0.000004,0.007349,0.000015,0.000044,0.000010,
4.400000,0.000007,0.000004,0.007356,0.000016,0.000041,0.000022,
4.450000,0.000007,0.000004,0.007359,0.000015,0.000036,0.000022,
4.500000,0.000006,0.000004,0.007361,0.000013,0.000028,0.000026,
4.550000,0.000004,0.000004,0.007361,0.000013,0.000031,0.000025,
4.600000,0.000004,0.000005,0.007352,0.000014,0.000031,0.000027,
4.650000,0.000004,0.000005,0.007356,0.000014,0.000028,0.000030,
4.700000,0.000005,0.000005,0.007356,0.000013,0.000026,0.000030,
4.750000,0.000004,0.000004,0.007348,0.000013,0.000033,0.000033,
4.800000,0.000004,0.000004,0.007350,0.000013,0.000025,0.000034,
4.850000,0.000004,0.000003,0.007348,0.000009,0.000043,0.000034,
4.900000,0.000005,0.000004,0.007336,0.000010,0.000048,0.000015,
4.950000,0.000005,0.000004,0.007331,0.000013,0.000048,0.000017,
5.000000,0.000005,0.000004,0.007331,0.000013,0.000048,0.000018,
5.050000,0.000005,0.000004,0.007333,0.000014,0.000048,0.000024,
5.100000,0.000005,0.000004,0.007345,0.000021,0.000049,0.000022,
5.150000,0.000005,0.000004,0.007339,0.000021,0.000061,0.000017,
5.200000,0.000007,0.000003,0.007339,0.000022,0.000059,0.000016,
5.250000,0.000007,0.000003,0.007340,0.000015,0.000046,0.000016,
5.300000,0.000007,0.000002,0.007336,0.000014,0.000046,0.000013,
5.350000,0.000008,0.000002,0.007348,0.000268,0.000041,0.000042,
5.400000,0.000006,0.000002,0.007350,0.000295,0.000035,0.000043,
5.450000,0.000042,0.000544,0.007349,0.000297,0.000109,0.000147,
5.500000,0.000157,0.003065,0.007350,0.000300,0.000155,0.000536,
5.550000,0.000396,0.005771,0.007348,0.000309,0.000212,0.005463,
5.600000,0.000673,0.005735,0.007336,0.000307,0.000241,0.005454,
5.650000,0.001192,0.005390,0.007331,0.000526,0.000377,0.006011,
5.700000,0.002683,0.005370,0.007331,0.000528,0.000382,0.009426,
5.750000,0.002779,0.004908,0.007340,0.000922,0.000374,0.009746,
5.800000,0.003330,0.004249,0.007338,0.000971,0.000370,0.014646,
5.850000,0.004588,0.003431,0.007349,0.000719,0.000473,0.016601,
5.900000,0.004578,0.002432,0.007349,0.000888,0.000486,0.020461,
5.950000,0.004430,0.003432,0.007360,0.001047,0.001840,0.025673,
6.000000,0.004993,0.003918,0.007362,0.001339,0.001940,0.030095,
6.050000,0.005003,0.003760,0.007364,0.001466,0.001844,0.027681,
6.100000,0.005503,0.003582,0.007365,0.001478,0.002008,0.028207,
6.150000,0.004701,0.004273,0.007364,0.001686,0.001758,0.027308,
6.200000,0.003503,0.003427,0.007372,0.001752,0.002353,0.027389,
6.250000,0.003438,0.003806,0.007366,0.001264,0.002356,0.025990,
6.300000,0.002755,0.003666,0.007367,0.001379,0.002580,0.016577,
6.350000,0.001614,0.003030,0.007350,0.001415,0.002514,0.019700,
6.400000,0.001651,0.001479,0.007348,0.001589,0.002531,0.019176,
6.450000,0.001669,0.001513,0.007336,0.001261,0.001893,0.022477,
6.500000,0.000955,0.003362,0.007331,0.000685,0.001966,0.027949,
6.550000,0.000986,0.009481,0.007331,0.000685,0.001977,0.031315,
6.600000,0.000524,0.009785,0.007340,0.000902,0.001755,0.037626,
6.650000,0.000560,0.009770,0.007338,0.001096,0.001758,0.038729,
6.700000,0.000587,0.008264,0.007349,0.001079,0.001687,0.038556,
6.750000,0.000591,0.008754,0.007353,0.001090,0.001676,0.036953,
6.800000,0.000525,0.009031,0.007357,0.001102,0.001320,0.030158,
6.850000,0.000527,0.009440,0.007365,0.001104,0.001504,0.014998,
6.900000,0.000468,0.009571,0.007367,0.000870,0.001619,0.010891,
6.950000,0.000436,0.009929,0.007374,0.000869,0.001180,0.012118,
7.000000,0.000172,0.009183,0.007373,0.000665,0.001113,0.010872,
7.050000,0.000150,0.002824,0.007381,0.000630,0.001163,0.009464,
7.100000,0.000092,0.000196,0.007378,0.000532,0.001205,0.005424,
7.150000,0.000051,0.000014,0.007380,0.000295,0.001241,0.002198,
7.200000,0.000008,0.000004,0.007363,0.000021,0.000192,0.000027,
7.250000,0.000002,0.000004,0.007357,0.000019,0.000043,0.000023,
7.300000,0.000004,0.000004,0.007359,0.000019,0.000042,0.000023,
7.350000,0.000004,0.000004,0.007357,0.000016,0.000038,0.000023,
7.400000,0.000004,0.000005,0.007354,0.000017,0.000038,0.000025,
7.450000,0.000003,0.000005,0.007358,0.000015,0.000055,0.000026,
7.500000,0.000003,0.000003,0.007362,0.000015,0.000052,0.000026,
7.550000,0.000003,0.000003,0.007355,0.000007,0.000068,0.000017,
7.600000,0.000004,0.000004,0.007347,0.000010,0.000063,0.000016,
7.650000,0.000004,0.000005,0.007342,0.000010,0.000057,0.000014,
7.700000,0.000005,0.000004,0.007338,0.000010,0.000047,0.000011,
7.750000,0.000006,0.000004,0.007337,0.000010,0.000043,0.000007,
7.800000,0.000005,0.000004,0.007341,0.000011,0.000043,0.000006,
7.850000,0.000005,0.000003,0.007332,0.000013,0.000039,0.000005,
7.900000,0.000005,0.000002,0.007338,0.000012,0.000035,0.000012,
7.950000,0.000005,0.000002,0.007328,0.000012,0.000031,0.000013,
8.000000,0.000006,0.000002,0.007330,0.000013,0.000026,0.000015,
8.050000,0.000005,0.000002,0.007336,0.000012,0.000019,0.000015,
8.100000,0.000005,0.000002,0.007349,0.000010,0.000019,0.000018,
8.150001,0.000005,0.000002,0.007363,0.000007,0.000021,0.000023,
8.200000,0.000006,0.000002,0.007364,0.000008,0.000021,0.000031,
8.250000,0.000005,0.000002,0.007372,0.000009,0.000017,0.000034,
8.300000,0.000005,0.000002,0.007365,0.000008,0.000015,0.000031,
8.350000,0.000005,0.000003,0.007368,0.000003,0.000015,0.000034,
8.400001,0.000005,0.000003,0.007363,0.000006,0.000015,0.000023,
8.450000,0.000005,0.000002,0.007360,0.000006,0.000016,0.000022,
8.500000,0.000004,0.000002,0.007353,0.000006,0.000014,0.000028,
8.550000,0.000004,0.000002,0.007355,0.000005,0.000015,0.000032,
8.600000,0.000004,0.000002,0.007358,0.000005,0.000016,0.000030,
8.650001,0.000004,0.000002,0.007349,0.000015,0.000019,0.000025,
8.700000,0.000003,0.000004,0.007354,0.000017,0.000022,0.000018,
8.750000,0.000002,0.000004,0.007352,0.000021,0.000031,0.000014,
8.800000,0.000003,0.000003,0.007351,0.000024,0.000044,0.000014,
8.850000,0.000003,0.000003,0.007353,0.000025,0.000053,0.000014,
8.900001,0.000003,0.000003,0.007357,0.000023,0.000053,0.000014,
8.950000,0.000004,0.000003,0.007357,0.000023,0.000050,0.000022,
9.000000,0.000004,0.000003,0.007361,0.000025,0.000060,0.000014,
9.050000,0.000004,0.000003,0.007352,0.000028,0.000060,0.000016,
9.100000,0.000005,0.000002,0.007348,0.000029,0.000058,0.000016,
9.150001,0.000004,0.000002,0.007346,0.000018,0.000043,0.000016,
9.200000,0.000004,0.000001,0.007347,0.000017,0.000047,0.000014,
9.250000,0.000005,0.000001,0.007347,0.000014,0.000047,0.000014,
9.300000,0.000004,0.000002,0.007353,0.000012,0.000035,0.000021,
9.350000,0.000004,0.000002,0.007357,0.000012,0.000028,0.000020,
9.400001,0.000004,0.000002,0.007354,0.000012,0.000029,0.000021,
9.450000,0.000003,0.000002,0.007353,0.000012,0.000034,0.000016,
9.500000,0.000003,0.000002,0.007351,0.000011,0.000030,0.000019,
9.550000,0.000003,0.000002,0.007348,0.000009,0.000033,0.000013,
9.600000,0.000003,0.000002,0.007348,0.000015,0.000039,0.000015,
9.650001,0.000003,0.000008,0.007347,0.000031,0.000041,0.000014,
9.700000,0.000004,0.000014,0.007364,0.000078,0.000035,0.000139,
9.750000,0.000006,0.000014,0.007371,0.000077,0.000037,0.000139,
9.800000,0.000006,0.000017,0.007376,0.000083,0.000049,0.000130,
9.850000,0.000008,0.000016,0.007363,0.000085,0.000049,0.000130,
9.900001,0.000007,0.000016,0.007371,0.000094,0.000045,0.000123,
9.950000,0.000008,0.000017,0.007380,0.000094,0.000031,0.000123,
10.000000,0.000007,0.000018,0.007389,0.000096,0.000031,0.000118,
10.050000,0.000007,0.000018,0.007390,0.000094,0.000037,0.000119,
10.100000,0.000007,0.000018,0.007391,0.000083,0.000026,0.000111,
10.150000,0.000007,0.000014,0.007396,0.000051,0.000045,0.000110,
10.200000,0.000012,0.000007,0.007375,0.000021,0.000061,0.000010,
10.250000,0.000339,0.000032,0.007364,0.000095,0.000062,0.000215,
10.300000,0.000746,0.000033,0.007367,0.000082,0.000045,0.000315,
10.350000,0.001648,0.000050,0.007373,0.000082,0.000047,0.002055,
10.400000,0.001856,0.000069,0.007373,0.000065,0.000042,0.002060,
10.450000,0.001866,0.000102,0.007457,0.000158,0.000063,0.002330,
10.500000,0.001957,0.000098,0.007467,0.000156,0.000158,0.003146,
10.550000,0.001670,0.000117,0.007575,0.000199,0.000232,0.004693,
10.600000,0.001405,0.000136,0.007554,0.000189,0.000302,0.005067,
10.650000,0.001146,0.000133,0.007549,0.000463,0.001166,0.005212,
10.700000,0.000838,0.000206,0.007567,0.000456,0.001308,0.005717,
10.750000,0.001632,0.000257,0.007571,0.000483,0.001947,0.008453,
10.800000,0.001673,0.000241,0.007554,0.000547,0.001975,0.008699,
10.850000,0.001403,0.000238,0.007549,0.000547,0.005891,0.011960,
10.900000,0.001550,0.000193,0.007536,0.000788,0.006258,0.012254,
10.950000,0.001806,0.000180,0.007418,0.000712,0.008213,0.013784,
11.000000,0.001205,0.000387,0.007433,0.000914,0.008575,0.012870,
11.050000,0.001061,0.000371,0.007345,0.000842,0.008500,0.013208,
11.100000,0.001603,0.000420,0.007350,0.000860,0.010119,0.014488,
11.150000,0.002232,0.000420,0.007348,0.000670,0.009514,0.012930,
11.200000,0.002790,0.000396,0.007336,0.000689,0.009415,0.047424,
11.250000,0.002792,0.000400,0.007331,0.000648,0.008726,0.049043,
11.300000,0.003326,0.000386,0.007331,0.000623,0.008637,0.048016,
11.350000,0.003696,0.000470,0.007340,0.000663,0.004606,0.045031,
11.400000,0.004118,0.000472,0.007338,0.000365,0.004448,0.045587,
11.450000,0.004406,0.000487,0.007349,0.000819,0.002759,0.044517,
11.500000,0.004529,0.000341,0.007353,0.000834,0.002687,0.041263,
11.550000,0.004532,0.000338,0.007357,0.000825,0.002750,0.039435,
11.600000,0.004570,0.000227,0.007354,0.000809,0.001168,0.034718,
11.650000,0.004232,0.000229,0.007354,0.000813,0.001168,0.034765,
11.700000,0.002768,0.000220,0.007356,0.000792,0.001102,0.005343,
11.750000,0.002912,0.000081,0.007359,0.000787,0.001103,0.002988,
11.800000,0.002240,0.000087,0.007357,0.000750,0.001101,0.003055,
11.850000,0.001323,0.000044,0.007350,0.000703,0.000964,0.002057,
11.900000,0.000018,0.000044,0.007356,0.000695,0.000923,0.000941,
11.950000,0.000018,0.000031,0.007359,0.000125,0.000896,0.000036,
12.000000,0.000008,0.000003,0.007359,0.000034,0.000055,0.000020,
12.050000,0.000005,0.000003,0.007358,0.000019,0.000057,0.000020,
12.100000,0.000006,0.000002,0.007363,0.000022,0.000036,0.000013,
12.150000,0.000006,0.000002,0.007367,0.000020,0.000034,0.000011,
12.200000,0.000006,0.000002,0.007371,0.000032,0.000039,0.000011,
12.250000,0.000006,0.000002,0.007367,0.000036,0.000030,0.000011,
12.300000,0.000006,0.000002,0.007368,0.000038,0.000038,0.000009,
12.350000,0.000006,0.000003,0.007367,0.000032,0.000043,0.000009,
12.400000,0.000005,0.000003,0.007362,0.000029,0.000042,0.000007,
12.450000,0.000003,0.000003,0.007340,0.000029,0.000047,0.000007,
12.500000,0.000004,0.000004,0.007338,0.000032,0.000032,0.000005,
12.550000,0.000003,0.000004,0.007338,0.000030,0.000026,0.000007,
12.600000,0.000004,0.000003,0.007337,0.000029,0.000026,0.000006,
12.650000,0.000004,0.000003,0.007338,0.000030,0.000027,0.000006,
12.700000,0.000004,0.000005,0.007338,0.000017,0.000028,0.000008,
12.750000,0.000004,0.000005,0.007341,0.000014,0.000034,0.000008,
12.800000,0.000003,0.000005,0.007358,0.000011,0.000030,0.000012,
12.850000,0.000004,0.000004,0.007363,0.000012,0.000022,0.000014,
12.900000,0.000004,0.000004,0.007369,0.000012,0.000022,0.000012,
12.950000,0.000004,0.000004,0.007371,0.000011,0.000017,0.000014,
13.000000,0.000003,0.000004,0.007372,0.000007,0.000016,0.000018,
13.050000,0.000003,0.000006,0.007374,0.000010,0.000016,0.000019,
13.100000,0.000003,0.000006,0.007376,0.000010,0.000018,0.000019,
13.150000,0.000003,0.000006,0.007381,0.000012,0.000021,0.000023,
13.200000,0.000003,0.000003,0.007379,0.000012,0.000021,0.000020,
13.250000,0.000004,0.000004,0.007380,0.000013,0.000014,0.000023,
13.300000,0.000004,0.000004,0.007371,0.000022,0.000013,0.000022,
13.350000,0.000003,0.000004,0.007378,0.000023,0.000014,0.000016,
13.400000,0.000004,0.000004,0.007381,0.000022,0.000017,0.000017,
13.450000,0.000004,0.000003,0.007384,0.000020,0.000018,0.000009,
13.500000,0.000004,0.000003,0.007381,0.000027,0.000036,0.000010,
13.550000,0.000004,0.000002,0.007385,0.000025,0.000043,0.000012,
13.600000,0.000003,0.000002,0.007387,0.000024,0.000044,0.000014,
13.650000,0.000003,0.000002,0.007390,0.000018,0.000041,0.000019,
13.700000,0.000003,0.000002,0.007395,0.000021,0.000047,0.000028,
13.750000,0.000001,0.000001,0.007396,0.000018,0.000047,0.000027,
13.800000,0.000002,0.000001,0.007390,0.000015,0.000053,0.000022,
13.850000,0.000002,0.000001,0.007379,0.000020,0.000052,0.000024,
13.900000,0.000002,0.000001,0.007376,0.000024,0.000049,0.000024,
13.950000,0.000002,0.000002,0.007371,0.000027,0.000047,0.000023,
14.000000,0.000003,0.000002,0.007371,0.000023,0.000025,0.000021,
14.050000,0.000004,0.000002,0.007371,0.000027,0.000046,0.000015,
14.100000,0.000004,0.000003,0.007363,0.000027,0.000045,0.000017,
14.150000,0.000004,0.000003,0.007353,0.000052,0.000086,0.000016,
14.200000,0.000012,0.000011,0.007341,0.000089,0.000132,0.000015,
14.250000,0.000264,0.000011,0.007339,0.000244,0.000278,0.000047,
14.300000,0.000294,0.000015,0.007351,0.000239,0.000263,0.000125,
14.350000,0.001359,0.000015,0.007355,0.000270,0.000326,0.003188,
14.400000,0.001833,0.000047,0.007359,0.000324,0.000328,0.004531,
14.450000,0.002834,0.000047,0.007348,0.000388,0.000362,0.004491,
14.500000,0.002672,0.000057,0.007348,0.000387,0.000651,0.004436,
14.550000,0.002412,0.000195,0.007350,0.000464,0.000679,0.004672,
14.600000,0.002277,0.000467,0.007357,0.000611,0.000700,0.009829,
14.650000,0.002082,0.000688,0.007353,0.000771,0.001424,0.010862,
14.700000,0.002020,0.000690,0.007359,0.000665,0.002352,0.012069,
14.750000,0.002379,0.000715,0.007353,0.000409,0.002746,0.014013,
14.800000,0.002441,0.000722,0.007354,0.000472,0.002817,0.014218,
14.850000,0.002524,0.000721,0.007351,0.000598,0.004928,0.010583,
14.900000,0.002233,0.000663,0.007343,0.000646,0.005394,0.007266,
14.950000,0.001081,0.000666,0.007350,0.000630,0.006688,0.005551,
15.000000,0.000881,0.000625,0.007348,0.000751,0.008954,0.006349,
15.050000,0.000837,0.000506,0.007336,0.000738,0.011057,0.006370,
15.100000,0.000844,0.000391,0.007333,0.000681,0.010984,0.004857,
15.150000,0.000881,0.000204,0.007342,0.000541,0.010520,0.004817,
15.200000,0.000973,0.000348,0.007347,0.000561,0.009615,0.004830,
15.250000,0.001020,0.000330,0.007349,0.000554,0.009865,0.003944,
15.300000,0.001161,0.000329,0.007339,0.000483,0.009914,0.004278,
15.350000,0.001034,0.000402,0.007336,0.000337,0.010433,0.004482,
15.400000,0.001322,0.000393,0.007348,0.000307,0.009554,0.004309,
15.450000,0.001396,0.000397,0.007347,0.000293,0.009206,0.003604,
15.500000,0.001091,0.000377,0.007347,0.000215,0.007307,0.003252,
15.550000,0.001103,0.000275,0.007350,0.000330,0.004702,0.003327,
15.600000,0.001003,0.000265,0.007348,0.000313,0.004747,0.002385,
15.650000,0.000705,0.000266,0.007336,0.000267,0.004118,0.001969,
15.700000,0.000964,0.000206,0.007331,0.000243,0.004350,0.002131,
15.750000,0.001197,0.000319,0.007331,0.000214,0.002761,0.004114,
15.800000,0.001417,0.000293,0.007340,0.000225,0.002657,0.004035,
15.850000,0.001317,0.000252,0.007338,0.000227,0.001057,0.002075,
15.900000,0.001167,0.000250,0.007349,0.000240,0.000535,0.002125,
15.950000,0.003955,0.001113,0.007353,0.000197,0.001319,0.003130,
16.000000,0.003866,0.001105,0.007357,0.000206,0.001341,0.003080,
16.049999,0.003794,0.001118,0.007359,0.000147,0.001273,0.003031,
16.100000,0.003795,0.001120,0.007379,0.000156,0.001264,0.002791,
16.150000,0.003721,0.001133,0.007380,0.000156,0.001238,0.002815,
16.200001,0.002941,0.001063,0.007397,0.000149,0.001085,0.002753,
16.250000,0.001859,0.000909,0.007395,0.000129,0.001063,0.000708,
16.299999,0.001872,0.000901,0.007401,0.000061,0.001097,0.000638,
16.350000,0.001889,0.000906,0.007405,0.000070,0.001089,0.000630,
16.400000,0.001884,0.000905,0.007393,0.000049,0.001049,0.000634,
16.450001,0.000003,0.000002,0.007390,0.000048,0.000098,0.000022,
16.500000,0.000003,0.000002,0.007391,0.000019,0.000031,0.000031,
16.549999,0.000003,0.000002,0.007390,0.000029,0.000045,0.000032,
16.600000,0.000003,0.000003,0.007374,0.000029,0.000042,0.000033,
16.650000,0.000002,0.000003,0.007390,0.000029,0.000035,0.000033,
16.700001,0.000002,0.000003,0.007374,0.000029,0.000045,0.000030,
16.750000,0.000002,0.000003,0.007374,0.000030,0.000048,0.000034,
16.799999,0.000002,0.000002,0.007365,0.000029,0.000053,0.000029,
16.850000,0.000002,0.000002,0.007360,0.000024,0.000046,0.000028,
16.900000,0.000003,0.000002,0.007360,0.000025,0.000051,0.000026,
16.950001,0.000003,0.000002,0.007370,0.000026,0.000051,0.000028,
17.000000,0.000003,0.000002,0.007373,0.000018,0.000050,0.000012,
17.049999,0.000003,0.000002,0.007376,0.000017,0.000035,0.000016,
17.100000,0.000004,0.000001,0.007380,0.000016,0.000037,0.000022,
17.150000,0.000004,0.000001,0.007369,0.000017,0.000029,0.000022,
17.200001,0.000004,0.000001,0.007373,0.000019,0.000024,0.000028,
17.250000,0.000004,0.000001,0.007378,0.000018,0.000012,0.000027,
17.299999,0.000005,0.000001,0.007374,0.000018,0.000008,0.000026,
17.350000,0.000005,0.000002,0.007380,0.000018,0.000008,0.000029,
17.400000,0.000005,0.000002,0.007394,0.000019,0.000008,0.000029,
17.450001,0.000005,0.000002,0.007385,0.000021,0.000009,0.000028,
17.500000,0.000005,0.000002,0.007395,0.000027,0.000010,0.000028,
17.549999,0.000005,0.000002,0.007396,0.000024,0.000012,0.000023,
17.600000,0.000005,0.000002,0.007393,0.000023,0.000015,0.000011,
17.650000,0.000005,0.000002,0.007395,0.000018,0.000016,0.000020,
17.700001,0.000005,0.000002,0.007394,0.000013,0.000014,0.000024,
17.750000,0.000005,0.000001,0.007395,0.000014,0.000025,0.000023,
17.799999,0.000003,0.000001,0.007398,0.000015,0.000021,0.000021,
17.850000,0.000003,0.000001,0.007393,0.000017,0.000020,0.000017,
17.900000,0.000002,0.000002,0.007376,0.000020,0.000020,0.000020,
17.950001,0.000002,0.000001,0.007379,0.000018,0.000022,0.000019,
18.000000,0.000004,0.000001,0.007381,0.000011,0.000022,0.000019,
18.049999,0.000005,0.000001,0.007378,0.000013,0.000030,0.000019,
18.100000,0.000004,0.000001,0.007380,0.000005,0.000032,0.000024,
18.150000,0.000004,0.000001,0.007374,0.000006,0.000032,0.000022,
18.200001,0.000004,0.000001,0.007370,0.000012,0.000037,0.000021,
18.250000,0.000004,0.000002,0.007369,0.000012,0.000028,0.000023,
18.299999,0.000004,0.000002,0.007372,0.000018,0.000024,0.000023,
18.350000,0.000004,0.000002,0.007375,0.000018,0.000024,0.000021,
18.400000,0.000004,0.000003,0.007374,0.000022,0.000024,0.000027,
18.450001,0.000005,0.000004,0.007377,0.000025,0.000018,0.000026,
18.500000,0.000005,0.000004,0.007375,0.000025,0.000015,0.000027,
18.549999,0.000005,0.000005,0.007376,0.000024,0.000010,0.000026,
18.600000,0.000005,0.000005,0.007371,0.000022,0.000026,0.000012,
18.650000,0.000006,0.000005,0.007371,0.000036,0.000027,0.000016,
18.700001,0.000007,0.000009,0.007373,0.000060,0.000110,0.000021,
18.750000,0.000007,0.000029,0.007396,0.000296,0.000268,0.000028,
18.799999,0.000012,0.000199,0.007450,0.000327,0.000344,0.000028,
18.850000,0.000041,0.000232,0.007471,0.000317,0.000337,0.000388,
18.900000,0.000074,0.000627,0.008134,0.000596,0.000730,0.001191,
18.950001,0.000093,0.000645,0.009801,0.000672,0.002786,0.001423,
19.000000,0.001352,0.000696,0.017655,0.002730,0.002807,0.005334,
19.049999,0.001350,0.000773,0.019448,0.003686,0.004741,0.005996,
19.100000,0.001374,0.001262,0.021087,0.004688,0.004728,0.006419,
19.150000,0.001399,0.001309,0.021067,0.004938,0.005436,0.012824,
19.200001,0.001386,0.001448,0.019819,0.013543,0.006672,0.022242,
19.250000,0.001784,0.001390,0.018359,0.021665,0.008182,0.027594,
19.299999,0.001772,0.001060,0.016896,0.023414,0.014809,0.029512,
19.350000,0.002337,0.001317,0.016524,0.026872,0.017299,0.046768,
19.400000,0.003219,0.001511,0.018475,0.026019,0.031878,0.067238,
19.450001,0.004322,0.001669,0.024385,0.028641,0.046177,0.083164,
19.500000,0.004813,0.001655,0.026319,0.020864,0.043800,0.083279,
19.549999,0.004571,0.001633,0.034466,0.029089,0.042970,0.082344,
19.600000,0.004911,0.002420,0.035115,0.014491,0.045330,0.082420,
19.650000,0.004697,0.002981,0.033796,0.007698,0.056715,0.076603,
19.700001,0.004190,0.003991,0.027068,0.017962,0.082182,0.058721,
19.750000,0.001873,0.004541,0.022301,0.017874,0.129465,0.053808,
19.799999,0.000978,0.005184,0.015631,0.020967,0.126034,0.053762,
19.850000,0.001145,0.005019,0.012208,0.021066,0.133921,0.049534,
19.900000,0.001098,0.003553,0.009913,0.027591,0.108615,0.033930,
19.950001,0.000755,0.001880,0.011261,0.029458,0.070488,0.016877,
20.000000,0.000798,0.001224,0.013568,0.030166,0.046195,0.012260,
20.049999,0.000713,0.000402,0.013068,0.018642,0.023501,0.012292,
20.100000,0.000628,0.000477,0.012675,0.017936,0.026750,0.012172,
20.150000,0.000617,0.000299,0.009738,0.013719,0.027168,0.010277,
20.200001,0.000608,0.000306,0.009651,0.013087,0.025574,0.010142,
20.250000,0.000604,0.000230,0.008266,0.007862,0.007962,0.005231,
20.299999,0.000525,0.000231,0.008154,0.008202,0.007518,0.004640,
20.350000,0.000297,0.000232,0.007687,0.001083,0.002128,0.003511,
20.400000,0.000286,0.000229,0.007285,0.001049,0.001576,0.001723,
20.450001,0.000280,0.000228,0.007243,0.001351,0.001568,0.001191,
20.500000,0.000175,0.000229,0.007239,0.001305,0.001131,0.000851,
20.549999,0.000169,0.000228,0.007218,0.001349,0.001121,0.000742,
20.600000,0.000161,0.000225,0.007224,0.000906,0.000775,0.000544,
20.650000,0.000138,0.000196,0.007215,0.000890,0.000783,0.000503,
20.700001,0.000159,0.000195,0.007170,0.000904,0.001327,0.000455,
20.750000,0.000163,0.000203,0.007116,0.000984,0.001350,0.000447,
20.799999,0.000164,0.000203,0.007094,0.001311,0.001188,0.000449,
20.850000,0.000188,0.000211,0.007123,0.001278,0.001499,0.000326,
20.900000,0.000201,0.000218,0.007151,0.001338,0.001386,0.000367,
20.950001,0.000208,0.000213,0.007168,0.000627,0.001292,0.000170,
21.000000,0.000240,0.000211,0.007177,0.000693,0.001323,0.000297,
21.049999,0.000241,0.000221,0.007188,0.000782,0.001662,0.000624,
21.100000,0.000246,0.000202,0.007190,0.000885,0.001551,0.000569,
21.150000,0.000244,0.000200,0.007197,0.000987,0.001569,0.000794,
21.200001,0.000184,0.000206,0.007219,0.000987,0.001144,0.000821,
21.250000,0.000187,0.000193,0.007209,0.001224,0.000993,0.000812,
21.299999,0.000187,0.000210,0.007218,0.000884,0.000997,0.000786,
21.350000,0.000188,0.000222,0.007204,0.000802,0.000495,0.000928,
21.400000,0.000193,0.000220,0.007172,0.000731,0.000541,0.000637,
21.450001,0.000205,0.000220,0.007155,0.000730,0.000541,0.000616,
21.500000,0.000191,0.000219,0.007144,0.000725,0.000530,0.000610,
21.549999,0.000197,0.000213,0.007144,0.000651,0.000370,0.000596,
21.600000,0.000196,0.000210,0.007106,0.000465,0.000424,0.000507,
21.650000,0.000229,0.000207,0.007135,0.000827,0.000458,0.000781,
21.700001,0.000308,0.000203,0.007128,0.000796,0.000519,0.000761,
21.750000,0.000339,0.000184,0.007146,0.000724,0.000577,0.000762,
21.799999,0.000357,0.000178,0.007137,0.000673,0.000606,0.000762,
21.850000,0.000345,0.000175,0.007129,0.000699,0.000671,0.000664,
21.900000,0.000354,0.000177,0.007119,0.000678,0.000639,0.000706,
21.950001,0.000324,0.000175,0.007133,0.000671,0.000637,0.000476,
22.000000,0.000347,0.000176,0.007212,0.000841,0.000568,0.000895,
22.049999,0.000343,0.000176,0.007199,0.001431,0.000443,0.000911,
22.100000,0.000341,0.000178,0.007197,0.001464,0.000566,0.000904,
22.150000,0.000344,0.000176,0.007186,0.001023,0.000704,0.000754,
22.200001,0.000356,0.000181,0.007156,0.001238,0.000559,0.000990,
22.250000,0.000353,0.000204,0.007183,0.001254,0.000537,0.001009,
22.299999,0.000357,0.000204,0.007157,0.001329,0.000461,0.000922,
22.350000,0.000371,0.000203,0.007151,0.001323,0.000690,0.000737,
22.400000,0.000344,0.000207,0.007196,0.001469,0.000653,0.000532,
22.450001,0.000299,0.000266,0.007910,0.001731,0.000654,0.000562,
22.500000,0.000312,0.000387,0.008949,0.002092,0.001304,0.000372,
22.549999,0.000336,0.000527,0.010023,0.008726,0.001610,0.000344,
22.600000,0.000351,0.000629,0.010461,0.023433,0.001603,0.000390,
22.650000,0.000313,0.000605,0.010234,0.041973,0.001533,0.000680,
22.700001,0.000387,0.001106,0.009839,0.043350,0.005556,0.001970,
22.750000,0.000371,0.000939,0.009784,0.048172,0.005611,0.002182,
22.799999,0.000371,0.001985,0.009115,0.042924,0.006902,0.003429,
22.850000,0.000401,0.001968,0.009406,0.037546,0.006892,0.003471,
22.900000,0.000671,0.002154,0.010219,0.028907,0.009100,0.003416,
22.950001,0.000671,0.001896,0.011283,0.015832,0.009095,0.003933,
23.000000,0.000671,0.002399,0.010967,0.021682,0.009221,0.005589,
23.049999,0.000728,0.002313,0.009685,0.031010,0.008222,0.012556,
23.100000,0.000705,0.002008,0.008617,0.036564,0.010200,0.017508,
23.150000,0.001011,0.001174,0.008611,0.031973,0.011488,0.018647,
23.200001,0.000948,0.001149,0.008483,0.034760,0.021641,0.019667,
23.250000,0.001135,0.000671,0.008930,0.025880,0.021365,0.014753,
23.299999,0.001147,0.000593,0.009371,0.026151,0.021332,0.019911,
23.350000,0.001750,0.000585,0.009401,0.021952,0.017957,0.022398,
23.400000,0.001204,0.000970,0.009501,0.014877,0.018539,0.037543,
23.450001,0.001478,0.001047,0.009596,0.006482,0.017483,0.041544,
23.500000,0.001372,0.000923,0.009750,0.010603,0.009808,0.048425,
23.549999,0.003256,0.000969,0.009082,0.010157,0.008581,0.042897,
23.600000,0.002667,0.000946,0.008874,0.010090,0.008856,0.038690,
23.650000,0.002965,0.000703,0.008556,0.008267,0.008860,0.028323,
23.700001,0.002243,0.000778,0.008777,0.006057,0.003514,0.021494,
23.750000,0.002181,0.000720,0.008778,0.009495,0.002687,0.013910,
23.799999,0.001805,0.000595,0.008362,0.011673,0.002750,0.019317,
23.850000,0.001804,0.000525,0.008388,0.012578,0.003172,0.019348,
23.900000,0.001398,0.000517,0.008463,0.013451,0.005194,0.013763,
23.950001,0.001469,0.000464,0.008658,0.013340,0.012577,0.013464,
24.000000,0.001824,0.000580,0.008778,0.007503,0.012064,0.011192,
24.049999,0.001190,0.000770,0.008899,0.007562,0.012042,0.008408,
24.100000,0.001214,0.000784,0.008909,0.003784,0.011599,0.006736,
24.150000,0.001531,0.000763,0.008832,0.003552,0.011879,0.006326,
24.200001,0.001485,0.000576,0.008233,0.002787,0.013456,0.004530,
24.250000,0.001052,0.000569,0.008108,0.002349,0.014599,0.004090,
24.299999,0.001062,0.000598,0.007912,0.001297,0.016050,0.001625,
24.350000,0.000796,0.000609,0.007886,0.001205,0.017391,0.001057,
24.400000,0.000504,0.000549,0.007403,0.001026,0.016992,0.001017,
24.450001,0.000449,0.000451,0.007411,0.000842,0.006170,0.000592,
24.500000,0.000375,0.000305,0.007417,0.000788,0.005690,0.000445,
24.549999,0.000053,0.000082,0.007413,0.000246,0.004171,0.000367,
24.600000,0.000052,0.000080,0.007410,0.000179,0.000955,0.000142,
24.650000,0.000021,0.000039,0.007411,0.000158,0.000144,0.000128,
24.700001,0.000021,0.000035,0.007394,0.000159,0.000127,0.000127,
24.750000,0.000021,0.000030,0.007381,0.000113,0.000095,0.000129,
24.799999,0.000018,0.000028,0.007378,0.000104,0.000105,0.000008,
24.850000,0.000012,0.000028,0.007379,0.000104,0.000083,0.000005,
24.900000,0.000005,0.000005,0.007372,0.000026,0.000073,0.000003,
24.950001,0.000004,0.000002,0.007386,0.000027,0.000021,0.000003,
25.000000,0.000004,0.000002,0.007382,0.000027,0.000030,0.000005,
25.049999,0.000004,0.000002,0.007380,0.000031,0.000030,0.000006,
25.100000,0.000003,0.000003,0.007389,0.000028,0.000033,0.000008,
25.150000,0.000003,0.000002,0.007392,0.000028,0.000025,0.000008,
25.200001,0.000003,0.000004,0.007393,0.000030,0.000022,0.000007,
25.250000,0.000003,0.000006,0.007392,0.000030,0.000019,0.000009,
25.299999,0.000003,0.000007,0.007400,0.000022,0.000012,0.000008,
25.350000,0.000003,0.000007,0.007405,0.000035,0.000018,0.000016,
25.400000,0.000004,0.000007,0.007400,0.000031,0.000035,0.000020,
25.450001,0.000003,0.000007,0.007389,0.000031,0.000035,0.000019,
25.500000,0.000003,0.000007,0.007392,0.000031,0.000026,0.000020,
25.549999,0.000004,0.000007,0.007396,0.000027,0.000030,0.000020,
25.600000,0.000004,0.000007,0.007386,0.000042,0.000030,0.000021,
25.650000,0.000004,0.000007,0.007389,0.000045,0.000031,0.000022,
25.700001,0.000004,0.000005,0.007388,0.000039,0.000031,0.000022,
25.750000,0.000003,0.000003,0.007388,0.000038,0.000031,0.000024,
25.799999,0.000004,0.000003,0.007376,0.000037,0.000026,0.000025,
25.850000,0.000004,0.000003,0.007378,0.000029,0.000031,0.000019,
25.900000,0.000003,0.000003,0.007378,0.000032,0.000020,0.000018,
25.950001,0.000003,0.000003,0.007376,0.000032,0.000020,0.000018,
26.000000,0.000007,0.000003,0.007374,0.000032,0.000022,0.000019,
26.049999,0.000008,0.000002,0.007377,0.000031,0.000034,0.000018,
26.100000,0.000007,0.000003,0.007379,0.000020,0.000036,0.000018,
26.150000,0.000007,0.000003,0.007372,0.000017,0.000029,0.000023,
26.200001,0.000008,0.000003,0.007386,0.000017,0.000027,0.000028,
26.250000,0.000010,0.000003,0.007391,0.000027,0.000027,0.000025,
26.299999,0.000008,0.000003,0.007394,0.000046,0.000027,0.000027,
26.350000,0.000008,0.000004,0.007385,0.000040,0.000028,0.000017,
26.400000,0.000008,0.000004,0.007383,0.000046,0.000030,0.000019,
26.450001,0.000007,0.000004,0.007379,0.000057,0.000031,0.000024,
26.500000,0.000005,0.000004,0.007372,0.000057,0.000032,0.000018,
26.549999,0.000004,0.000004,0.007368,0.000056,0.000015,0.000014,
26.600000,0.000004,0.000004,0.007371,0.000052,0.000008,0.000014,
26.650000,0.000004,0.000005,0.007376,0.000051,0.000009,0.000014,
26.700001,0.000003,0.000005,0.007368,0.000047,0.000013,0.000013,
26.750000,0.000002,0.000005,0.007370,0.000044,0.000014,0.000013,
26.799999,0.000003,0.000004,0.007371,0.000035,0.000013,0.000012,
26.850000,0.000003,0.000004,0.007372,0.000032,0.000012,0.000013,
26.900000,0.000003,0.000003,0.007372,0.000024,0.000012,0.000013,
26.950001,0.000003,0.000003,0.007378,0.000020,0.000022,0.000007,
27.000000,0.000003,0.000002,0.007379,0.000020,0.000017,0.000006,
27.049999,0.000003,0.000003,0.007386,0.000021,0.000020,0.000007,
27.100000,0.000003,0.000003,0.007381,0.000022,0.000026,0.000006,
27.150000,0.000003,0.000002,0.007375,0.000023,0.000026,0.000007,
27.200001,0.000004,0.000002,0.007370,0.000013,0.000026,0.000016,
27.250000,0.000003,0.000002,0.007363,0.000010,0.000026,0.000015,
27.299999,0.000002,0.000003,0.007366,0.000012,0.000023,0.000016,
27.350000,0.000002,0.000003,0.007369,0.000015,0.000020,0.000016,
27.400000,0.000002,0.000003,0.007367,0.000012,0.000010,0.000015,
27.450001,0.000002,0.000003,0.007362,0.000011,0.000016,0.000013,
27.500000,0.000002,0.000003,0.007366,0.000009,0.000049,0.000013,
27.549999,0.000002,0.000003,0.007360,0.000009,0.000058,0.000013,
27.600000,0.000003,0.000003,0.007368,0.000008,0.000055,0.000019,
27.650000,0.000004,0.000002,0.007366,0.000008,0.000059,0.000020,
27.700001,0.000004,0.000003,0.007372,0.000008,0.000060,0.000021,
27.750000,0.000004,0.000003,0.007371,0.000010,0.000064,0.000022,
27.799999,0.000005,0.000002,0.007364,0.000009,0.000063,0.000023,
27.850000,0.000005,0.000001,0.007359,0.000012,0.000063,0.000026,
27.900000,0.000005,0.000002,0.007366,0.000013,0.000103,0.000028,
27.950001,0.000005,0.000002,0.007370,0.000014,0.000112,0.000027,
28.000000,0.000007,0.000002,0.007367,0.000013,0.000112,0.000029,
28.049999,0.000007,0.000002,0.007363,0.000018,0.000094,0.000031,
28.100000,0.000005,0.000002,0.007363,0.000022,0.000094,0.000027,
28.150000,0.000005,0.000002,0.007374,0.000022,0.000094,0.000023,
28.200001,0.000005,0.000001,0.007368,0.000023,0.000093,0.000015,
28.250000,0.000006,0.000002,0.007363,0.000022,0.000102,0.000017,
28.299999,0.000006,0.000002,0.007368,0.000017,0.000107,0.000015,
28.350000,0.000007,0.000003,0.007369,0.000014,0.000101,0.000020,
28.400000,0.000008,0.000003,0.007359,0.000018,0.000064,0.000020,
28.450001,0.000008,0.000004,0.007356,0.000015,0.000057,0.000020,
28.500000,0.000005,0.000004,0.007357,0.000023,0.000045,0.000016,
28.549999,0.000005,0.000005,0.007367,0.000012,0.000047,0.000014,
28.600000,0.000005,0.000005,0.007367,0.000020,0.000047,0.000017,
28.650000,0.000005,0.000005,0.007355,0.000026,0.000046,0.000021,
28.700001,0.000006,0.000006,0.007356,0.000027,0.000046,0.000021,
28.750000,0.000005,0.000005,0.007358,0.000031,0.000031,0.000022,
28.799999,0.000004,0.000004,0.007358,0.000033,0.000022,0.000026,
28.850000,0.000004,0.000004,0.007361,0.000034,0.000026,0.000020,
28.900000,0.000003,0.000003,0.007372,0.000035,0.000023,0.000020,
28.950001,0.000003,0.000003,0.007378,0.000035,0.000020,0.000022,
29.000000,0.000005,0.000003,0.007374,0.000021,0.000017,0.000026,
29.049999,0.000005,0.000002,0.007365,0.000026,0.000018,0.000025,
29.100000,0.000003,0.000002,0.007358,0.000025,0.000017,0.000031,
29.150000,0.000003,0.000002,0.007370,0.000023,0.000021,0.000024,
29.200001,0.000004,0.000001,0.007370,0.000025,0.000023,0.000028,
29.250000,0.000004,0.000001,0.007370,0.000022,0.000026,0.000028,
29.299999,0.000004,0.000002,0.007369,0.000019,0.000013,0.000025,
29.350000,0.000004,0.000002,0.007366,0.000020,0.000027,0.000030,
29.400000,0.000004,0.000002,0.007358,0.000016,0.000025,0.000029,
29.450001,0.000005,0.000002,0.007360,0.000019,0.000030,0.000025,
29.500000,0.000004,0.000002,0.007362,0.000019,0.000030,0.000023,
29.549999,0.000004,0.000002,0.007363,0.000010,0.000033,0.000023,
29.600000,0.000004,0.000002,0.007365,0.000011,0.000037,0.000014,
29.650000,0.000005,0.000002,0.007365,0.000010,0.000038,0.000016,
29.700001,0.000005,0.000003,0.007368,0.000020,0.000043,0.000011,
29.750000,0.000006,0.000003,0.007375,0.000019,0.000039,0.000012,
29.799999,0.000005,0.000003,0.007379,0.000020,0.000044,0.000019,
29.850000,0.000005,0.000003,0.007376,0.000020,0.000020,0.000019,
29.900000,0.000005,0.000003,0.007380,0.000022,0.000019,0.000019,
29.950001,0.000005,0.000002,0.007380,0.000015,0.000015,0.000023,
30.000000,0.000003,0.000003,0.007382,0.000029,0.000029,0.000023,
30.049999,0.000007,0.000004,0.007382,0.000032,0.000033,0.000021,
30.100000,0.000007,0.000004,0.007389,0.000033,0.000033,0.000020,
30.150000,0.000007,0.000002,0.007382,0.000048,0.000047,0.000019,
30.200001,0.000007,0.000003,0.007382,0.000039,0.000043,0.000019,
30.250000,0.000006,0.000003,0.007379,0.000040,0.000049,0.000025,
30.299999,0.000007,0.000003,0.007374,0.000042,0.000047,0.000016,
30.350000,0.000007,0.000003,0.007378,0.000042,0.000056,0.000013,
30.400000,0.000007,0.000003,0.007401,0.000037,0.000058,0.000014,
30.450001,0.000008,0.000004,0.007395,0.000037,0.000060,0.000014,
30.500000,0.000008,0.000003,0.007393,0.000029,0.000106,0.000014,
30.549999,0.000005,0.000002,0.007396,0.000030,0.000122,0.000012,
30.600000,0.000005,0.000002,0.007386,0.000031,0.000138,0.000013,
30.650000,0.000015,0.000006,0.007382,0.000034,0.000159,0.000018,
30.700001,0.000019,0.000008,0.007381,0.000035,0.000167,0.000016,
30.750000,0.000019,0.000007,0.007376,0.000033,0.000156,0.000025,
30.799999,0.000021,0.000005,0.007393,0.000036,0.000131,0.000167,
30.850000,0.000017,0.000005,0.007394,0.000040,0.000134,0.000167,
30.900000,0.000015,0.000005,0.007374,0.000040,0.000108,0.000166,
30.950001,0.000026,0.000006,0.007389,0.000050,0.000153,0.000182,
31.000000,0.000293,0.000074,0.007394,0.000080,0.001131,0.004272,
31.049999,0.000604,0.000082,0.007388,0.000127,0.001609,0.017675,
31.100000,0.000712,0.000135,0.007431,0.000149,0.001904,0.021067,
31.150000,0.000799,0.000145,0.007454,0.000229,0.002037,0.040422,
31.200001,0.000925,0.000148,0.007472,0.000219,0.002007,0.065646,
31.250000,0.001055,0.000148,0.007475,0.000180,0.001944,0.085148,
31.299999,0.001280,0.000152,0.007462,0.000101,0.001812,0.089458,
31.350000,0.001781,0.000325,0.007459,0.000183,0.001717,0.079383,
31.400000,0.002118,0.000501,0.007465,0.000149,0.001793,0.085325,
31.450001,0.002294,0.000571,0.007494,0.000195,0.002032,0.064668,
31.500000,0.002389,0.000627,0.007642,0.000265,0.001821,0.063272,
31.549999,0.002174,0.000611,0.007692,0.000318,0.001475,0.071337,
31.600000,0.002080,0.000751,0.007619,0.000354,0.001216,0.048888,
31.650000,0.002245,0.000744,0.007724,0.000372,0.000580,0.040498,
31.700001,0.002867,0.000836,0.007658,0.000361,0.000891,0.037515,
31.750000,0.003000,0.000820,0.007619,0.000473,0.002343,0.056536,
31.799999,0.004205,0.001183,0.007923,0.000547,0.002667,0.106905,
31.850000,0.004322,0.001003,0.008024,0.000612,0.002634,0.088919,
31.900000,0.004488,0.000863,0.007998,0.000593,0.002504,0.087638,
31.950001,0.005447,0.000895,0.007918,0.000724,0.002426,0.082656,
32.000000,0.004763,0.000776,0.007796,0.000823,0.002435,0.086166,
32.049999,0.004833,0.000720,0.007798,0.000939,0.002413,0.092113,
32.099998,0.004893,0.000714,0.007801,0.001014,0.002475,0.102610,
32.150002,0.004994,0.000733,0.007785,0.001285,0.002122,0.099177,
32.200001,0.004045,0.000743,0.007774,0.001385,0.001063,0.095878,
32.250000,0.003486,0.000747,0.007779,0.000872,0.000507,0.095783,
32.299999,0.002798,0.000543,0.007632,0.000877,0.000320,0.050518,
32.349998,0.002682,0.000648,0.007600,0.000425,0.000193,0.074110,
32.400002,0.002429,0.000712,0.007564,0.000161,0.000192,0.077326,
32.450001,0.001519,0.000595,0.007568,0.000143,0.000354,0.052863,
32.500000,0.001603,0.000553,0.007576,0.000156,0.001404,0.048280,
32.549999,0.001405,0.000424,0.007488,0.000163,0.001378,0.049210,
32.599998,0.001472,0.000447,0.007499,0.000173,0.001285,0.057789,
32.650002,0.001966,0.000897,0.007485,0.000104,0.001474,0.056723,
32.700001,0.002033,0.000731,0.007493,0.000113,0.001507,0.060324,
32.750000,0.001547,0.000677,0.007439,0.000113,0.001452,0.067061,
32.799999,0.001629,0.000723,0.007432,0.000067,0.001539,0.069255,
32.849998,0.001533,0.000668,0.007411,0.000067,0.001882,0.067938,
32.900002,0.001228,0.000848,0.007414,0.000069,0.001914,0.070942,
32.950001,0.001236,0.000836,0.007413,0.000071,0.001757,0.049269,
33.000000,0.001172,0.000839,0.007394,0.000037,0.000353,0.034504,
33.049999,0.001181,0.000848,0.007390,0.000054,0.000171,0.030146,
33.099998,0.001095,0.000750,0.007384,0.000079,0.000240,0.029776,
33.150002,0.000373,0.000463,0.007377,0.000081,0.000457,0.019358,
33.200001,0.000482,0.000484,0.007883,0.000145,0.001650,0.019461,
33.250000,0.000481,0.000470,0.007889,0.000147,0.001672,0.020126,
33.299999,0.000406,0.000375,0.007890,0.000138,0.001662,0.017583,
33.349998,0.000401,0.000374,0.007892,0.000141,0.001446,0.006087,
33.400002,0.000126,0.000042,0.007893,0.000136,0.001460,0.000465,
33.450001,0.000125,0.000042,0.007892,0.000134,0.001465,0.000457,
33.500000,0.000122,0.000041,0.007891,0.000135,0.001487,0.000455,
33.549999,0.000121,0.000042,0.007892,0.000125,0.001464,0.000454,
33.599998,0.000121,0.000042,0.007889,0.000087,0.001351,0.000394,
33.650002,0.000106,0.000042,0.007890,0.000095,0.001267,0.000240,
33.700001,0.000004,0.000002,0.007398,0.000016,0.000057,0.000007,
33.750000,0.000004,0.000004,0.007380,0.000027,0.000069,0.000009,
33.799999,0.000003,0.000003,0.007380,0.000027,0.000050,0.000009,
33.849998,0.000002,0.000004,0.007369,0.000025,0.000039,0.000013,
33.900002,0.000002,0.000005,0.007359,0.000026,0.000038,0.000015,
33.950001,0.000002,0.000006,0.007357,0.000020,0.000026,0.000017,
34.000000,0.000003,0.000006,0.007351,0.000023,0.000030,0.000014,
34.049999,0.000003,0.000006,0.007351,0.000022,0.000035,0.000019,
34.099998,0.000003,0.000006,0.007346,0.000021,0.000024,0.000015,
34.150002,0.000003,0.000007,0.007352,0.000015,0.000022,0.000015,
34.200001,0.000003,0.000007,0.007353,0.000013,0.000021,0.000014,
34.250000,0.000004,0.000006,0.007364,0.000005,0.000025,0.000015,
34.299999,0.000003,0.000005,0.007373,0.000006,0.000036,0.000018,
34.349998,0.000004,0.000004,0.007373,0.000009,0.000033,0.000020,
34.400002,0.000003,0.000004,0.007377,0.000008,0.000044,0.000019,
34.450001,0.000003,0.000004,0.007370,0.000009,0.000045,0.000021,
34.500000,0.000003,0.000002,0.007370,0.000005,0.000043,0.000028,
34.549999,0.000002,0.000002,0.007366,0.000005,0.000038,0.000023,
34.599998,0.000002,0.000004,0.007375,0.000015,0.000037,0.000021,
34.650002,0.000002,0.000003,0.007374,0.000017,0.000039,0.000021,
34.700001,0.000003,0.000004,0.007374,0.000020,0.000042,0.000021,
34.750000,0.000002,0.000004,0.007370,0.000022,0.000033,0.000022,
34.799999,0.000002,0.000005,0.007367,0.000022,0.000025,0.000018,
34.849998,0.000002,0.000005,0.007374,0.000017,0.000032,0.000020,
34.900002,0.000003,0.000005,0.007368,0.000020,0.000021,0.000021,
34.950001,0.000003,0.000004,0.007377,0.000018,0.000033,0.000021,
35.000000,0.000003,0.000004,0.007382,0.000017,0.000032,0.000015,
35.049999,0.000004,0.000005,0.007387,0.000018,0.000035,0.000014,
35.099998,0.000005,0.000003,0.007392,0.000017,0.000038,0.000019,
35.150002,0.000007,0.000003,0.007405,0.000018,0.000040,0.000019,
35.200001,0.000008,0.000002,0.007402,0.000017,0.000041,0.000020,
35.250000,0.000008,0.000002,0.007399,0.000015,0.000045,0.000016,
35.299999,0.000008,0.000002,0.007407,0.000019,0.000043,0.000014,
35.349998,0.000008,0.000002,0.007415,0.000020,0.000033,0.000015,
35.400002,0.000008,0.000002,0.007416,0.000019,0.000024,0.000017,
35.450001,0.000008,0.000003,0.007417,0.000018,0.000022,0.000019,
35.500000,0.000006,0.000003,0.007418,0.000022,0.000022,0.000019,
35.549999,0.000006,0.000003,0.007413,0.000023,0.000023,0.000016,
35.599998,0.000003,0.000005,0.007403,0.000013,0.000022,0.000013,
35.650002,0.000001,0.000006,0.007396,0.000013,0.000015,0.000017,
35.700001,0.000002,0.000006,0.007399,0.000013,0.000024,0.000018,
35.750000,0.000002,0.000005,0.007404,0.000012,0.000026,0.000019,
35.799999,0.000002,0.000005,0.007396,0.000014,0.000020,0.000021,
35.849998,0.000002,0.000004,0.007389,0.000029,0.000019,0.000022,
35.900002,0.000002,0.000004,0.007394,0.000032,0.000017,0.000021,
35.950001,0.000002,0.000004,0.007402,0.000032,0.000016,0.000019,
36.000000,0.000003,0.000004,0.007406,0.000025,0.000020,0.000018,
36.049999,0.000003,0.000004,0.007405,0.000026,0.000020,0.000045,
36.099998,0.000004,0.000002,0.007413,0.000025,0.000035,0.000044,
36.150002,0.000003,0.000001,0.007409,0.000027,0.000038,0.000046,
36.200001,0.000003,0.000001,0.007406,0.000026,0.000031,0.000041,
36.250000,0.000003,0.000001,0.007401,0.000029,0.000037,0.000027,
36.299999,0.000003,0.000003,0.007400,0.000018,0.000038,0.000029,
36.349998,0.000003,0.000003,0.007392,0.000017,0.000036,0.000029,
36.400002,0.000004,0.000003,0.007389,0.000020,0.000035,0.000035,
36.450001,0.000004,0.000003,0.007378,0.000021,0.000036,0.000034,
36.500000,0.000004,0.000005,0.007367,0.000039,0.000034,0.000033,
36.549999,0.000003,0.000005,0.007371,0.000038,0.000026,0.000007,
36.599998,0.000004,0.000005,0.007374,0.000045,0.000023,0.000008,
36.650002,0.000003,0.000005,0.007371,0.000043,0.000022,0.000006,
36.700001,0.000003,0.000005,0.007379,0.000042,0.000023,0.000006,
36.750000,0.000006,0.000005,0.007377,0.000044,0.000027,0.000008,
36.799999,0.000007,0.000004,0.007383,0.000047,0.000030,0.000009,
36.849998,0.000010,0.000003,0.007387,0.000047,0.000062,0.000027,
36.900002,0.000010,0.000003,0.007391,0.000044,0.000148,0.000028,
36.950001,0.000025,0.000003,0.007388,0.000044,0.000146,0.000028,
37.000000,0.000090,0.000001,0.007395,0.000035,0.000135,0.000715,
37.049999,0.000112,0.000013,0.007389,0.000038,0.000192,0.004936,
37.099998,0.000112,0.000136,0.007384,0.000078,0.000194,0.026303,
37.150002,0.000107,0.000133,0.007382,0.000141,0.000191,0.069348,
37.200001,0.000298,0.000183,0.007483,0.000163,0.000193,0.093927,
37.250000,0.001384,0.000462,0.007488,0.000195,0.000786,0.097994,
37.299999,0.001376,0.000458,0.007500,0.000175,0.000833,0.162530,
37.349998,0.001297,0.000441,0.007523,0.000155,0.001094,0.240145,
37.400002,0.001527,0.000391,0.007521,0.000147,0.001133,0.306063,
37.450001,0.001536,0.000361,0.007528,0.000161,0.001141,0.310048,
37.500000,0.002248,0.000309,0.007536,0.000166,0.001137,0.294711,
37.549999,0.002291,0.000304,0.007558,0.000230,0.001478,0.240296,
37.599998,0.002217,0.000304,0.007572,0.000295,0.002352,0.206508,
37.650002,0.003117,0.000276,0.007575,0.000239,0.002371,0.202744,
37.700001,0.003100,0.000275,0.007541,0.000223,0.002699,0.151172,
37.750000,0.002283,0.000074,0.007540,0.000172,0.001736,0.055999,
37.799999,0.002104,0.000200,0.007537,0.000245,0.001787,0.052476,
37.849998,0.001985,0.000281,0.007535,0.000531,0.001997,0.055276,
37.900002,0.002012,0.000281,0.007539,0.000501,0.001818,0.083086,
37.950001,0.001477,0.000291,0.007549,0.000512,0.001807,0.110753,
38.000000,0.001365,0.000301,0.007556,0.000499,0.001729,0.125459,
38.049999,0.001310,0.000309,0.007556,0.000500,0.001611,0.144225,
38.099998,0.000923,0.000368,0.007538,0.000481,0.000883,0.148433,
38.150002,0.000756,0.000462,0.007562,0.000500,0.000902,0.109172,
38.200001,0.000830,0.000534,0.007518,0.000513,0.000390,0.095145,
38.250000,0.000609,0.000546,0.007519,0.000523,0.000370,0.081102,
38.299999,0.000471,0.000300,0.007545,0.000422,0.000364,0.084691,
38.349998,0.000253,0.000300,0.007523,0.000082,0.000274,0.070662,
38.400002,0.000231,0.000297,0.007517,0.000080,0.000254,0.095656,
38.450001,0.000296,0.000300,0.007498,0.000080,0.000213,0.108186,
38.500000,0.000333,0.000242,0.007484,0.000064,0.000371,0.105114,
38.549999,0.000307,0.000240,0.007477,0.000094,0.001018,0.095399,
38.599998,0.000303,0.000233,0.007486,0.000104,0.001022,0.076333,
38.650002,0.000129,0.000180,0.007459,0.000107,0.000944,0.051581,
38.700001,0.000120,0.000059,0.007453,0.000100,0.000912,0.040102,
38.750000,0.000120,0.000067,0.007454,0.000082,0.000788,0.018448,
38.799999,0.000123,0.000065,0.007405,0.000072,0.000734,0.005140,
38.849998,0.000031,0.000028,0.007407,0.000071,0.000729,0.000053,
38.900002,0.000029,0.000014,0.007405,0.000077,0.000699,0.000030,
38.950001,0.000015,0.000014,0.007405,0.000070,0.000706,0.000028,
39.000000,0.000009,0.000013,0.007405,0.000066,0.000662,0.000027,
39.049999,0.000007,0.000004,0.007390,0.000055,0.000079,0.000027,
39.099998,0.000004,0.000003,0.007377,0.000053,0.000091,0.000015,
39.150002,0.000004,0.000003,0.007373,0.000051,0.000032,0.000013,
39.200001,0.000003,0.000003,0.007364,0.000056,0.000032,0.000016,
39.250000,0.000003,0.000002,0.007359,0.000054,0.000038,0.000016,
39.299999,0.000003,0.000002,0.007362,0.000054,0.000043,0.000016,
39.349998,0.000003,0.000002,0.007362,0.000052,0.000043,0.000018,
39.400002,0.000004,0.000003,0.007359,0.000067,0.000029,0.000018,
39.450001,0.000003,0.000003,0.007352,0.000069,0.000029,0.000016,
39.500000,0.000004,0.000003,0.007365,0.000065,0.000026,0.000016,
39.549999,0.000005,0.000003,0.007352,0.000038,0.000021,0.000016,
39.599998,0.000006,0.000003,0.007352,0.000037,0.000014,0.000018,
39.650002,0.000008,0.000005,0.007355,0.000032,0.000015,0.000016,
39.700001,0.000008,0.000006,0.007359,0.000030,0.000013,0.000012,
39.750000,0.000008,0.000006,0.007364,0.000028,0.000011,0.000012,
39.799999,0.000008,0.000005,0.007369,0.000028,0.000009,0.000017,
39.849998,0.000009,0.000005,0.007385,0.000028,0.000009,0.000011,
39.900002,0.000008,0.000004,0.007390,0.000014,0.000012,0.000014,
39.950001,0.000007,0.000004,0.007395,0.000009,0.000013,0.000022,
40.000000,0.000007,0.000004,0.007389,0.000008,0.000012,0.000025,
40.049999,0.000005,0.000003,0.007395,0.000006,0.000015,0.000026,
40.099998,0.000005,0.000003,0.007400,0.000005,0.000018,0.000021,
40.150002,0.000003,0.000001,0.007395,0.000005,0.000019,0.000027,
40.200001,0.000004,0.000002,0.007399,0.000007,0.000023,0.000027,
40.250000,0.000004,0.000002,0.007401,0.000007,0.000017,0.000028,
40.299999,0.000005,0.000002,0.007402,0.000007,0.000020,0.000022,
40.349998,0.000003,0.000002,0.007392,0.000006,0.000020,0.000020,
40.400002,0.000005,0.000002,0.007395,0.000008,0.000017,0.000018,
40.450001,0.000005,0.000003,0.007398,0.000008,0.000018,0.000016,
40.500000,0.000005,0.000003,0.007396,0.000009,0.000020,0.000013,
40.549999,0.000005,0.000002,0.007393,0.000007,0.000023,0.000012,
40.599998,0.000006,0.000005,0.007387,0.000007,0.000018,0.000016,
40.650002,0.000008,0.000005,0.007391,0.000016,0.000019,0.000009,
40.700001,0.000007,0.000004,0.007386,0.000018,0.000016,0.000011,
40.750000,0.000007,0.000004,0.007380,0.000017,0.000016,0.000012,
40.799999,0.000005,0.000004,0.007372,0.000017,0.000015,0.000020,
40.849998,0.000005,0.000004,0.007379,0.000022,0.000019,0.000026,
40.900002,0.000005,0.000005,0.007374,0.000019,0.000018,0.000026,
40.950001,0.000005,0.000004,0.007371,0.000019,0.000015,0.000024,
41.000000,0.000005,0.000004,0.007387,0.000022,0.000015,0.000028,
41.049999,0.000005,0.000004,0.007383,0.000021,0.000016,0.000029,
41.099998,0.000006,0.000002,0.007387,0.000022,0.000017,0.000030,
41.150002,0.000004,0.000002,0.007384,0.000023,0.000017,0.000029,
41.200001,0.000004,0.000002,0.007384,0.000021,0.000017,0.000029,
41.250000,0.000003,0.000003,0.007385,0.000023,0.000022,0.000028,
41.299999,0.000003,0.000003,0.007388,0.000022,0.000024,0.000018,
41.349998,0.000004,0.000003,0.007375,0.000016,0.000028,0.000013,
41.400002,0.000003,0.000002,0.007374,0.000015,0.000029,0.000013,
41.450001,0.000002,0.000004,0.007371,0.000014,0.000032,0.000013,
41.500000,0.000002,0.000004,0.007366,0.000013,0.000038,0.000004,
41.549999,0.000002,0.000003,0.007364,0.000015,0.000041,0.000009,
41.599998,0.000002,0.000004,0.007361,0.000013,0.000055,0.000009,
41.650002,0.000003,0.000004,0.007371,0.000006,0.000054,0.000009,
41.700001,0.000003,0.000005,0.007374,0.000007,0.000049,0.000009,
41.750000,0.000003,0.000005,0.007374,0.000008,0.000051,0.000009,
41.799999,0.000003,0.000005,0.007370,0.000008,0.000046,0.000009,
41.849998,0.000005,0.000004,0.007379,0.000008,0.000045,0.000009,
41.900002,0.000005,0.000004,0.007376,0.000009,0.000048,0.000009,
41.950001,0.000006,0.000002,0.007375,0.000009,0.000038,0.000010,
42.000000,0.000006,0.000002,0.007367,0.000018,0.000037,0.000009,
42.049999,0.000008,0.000003,0.007369,0.000027,0.000030,0.000005,
42.099998,0.000009,0.000002,0.007363,0.000028,0.000024,0.000005,
42.150002,0.000008,0.000002,0.007373,0.000048,0.000018,0.000005,
42.200001,0.000008,0.000002,0.007365,0.000047,0.000024,0.000007,
42.250000,0.000009,0.000002,0.007360,0.000037,0.000034,0.000008,
42.299999,0.000008,0.000002,0.007360,0.000031,0.000030,0.000012,
42.349998,0.000006,0.000002,0.007359,0.000028,0.000041,0.000012,
42.400002,0.000007,0.000002,0.007370,0.000034,0.000061,0.000011,
42.450001,0.000007,0.000008,0.007367,0.000046,0.000206,0.000011,
42.500000,0.000009,0.000008,0.007373,0.000194,0.000366,0.000043,
42.549999,0.000009,0.000016,0.007375,0.000368,0.000760,0.000055,
42.599998,0.000173,0.000028,0.007379,0.000585,0.001295,0.000104,
42.650002,0.000221,0.000055,0.007625,0.001707,0.002257,0.000135,
42.700001,0.000576,0.000219,0.007811,0.011828,0.009539,0.000451,
42.750000,0.000545,0.000727,0.007827,0.049401,0.011931,0.000451,
42.799999,0.000518,0.001461,0.007825,0.119665,0.011775,0.002309,
42.849998,0.000458,0.004058,0.007825,0.191558,0.010745,0.003889,
42.900002,0.000939,0.005986,0.007831,0.247367,0.008875,0.005249,
42.950001,0.000889,0.009564,0.007826,0.308672,0.008282,0.007488,
43.000000,0.002261,0.012786,0.008463,0.401109,0.011728,0.010719,
43.049999,0.002496,0.018921,0.010313,0.419510,0.012204,0.010796,
43.099998,0.002740,0.023885,0.012450,0.361851,0.012068,0.020906,
43.150002,0.002464,0.030822,0.017284,0.277544,0.012171,0.040606,
43.200001,0.002493,0.037072,0.020571,0.193051,0.009304,0.055529,
43.250000,0.002274,0.041772,0.026969,0.129954,0.008622,0.065392,
43.299999,0.001994,0.043234,0.033174,0.093208,0.009445,0.065138,
43.349998,0.001835,0.046500,0.038998,0.071772,0.008656,0.060662,
43.400002,0.002225,0.043148,0.043669,0.059892,0.012482,0.052015,
43.450001,0.002416,0.038174,0.045326,0.083498,0.015444,0.041319,
43.500000,0.001463,0.029561,0.040172,0.133470,0.028114,0.028419,
43.549999,0.000958,0.023145,0.036320,0.172411,0.030019,0.032226,
43.599998,0.000463,0.017256,0.034014,0.206685,0.030718,0.034559,
43.650002,0.000461,0.013021,0.025936,0.262627,0.028457,0.029739,
43.700001,0.000460,0.010371,0.019783,0.243327,0.028127,0.021454,
43.750000,0.000471,0.008527,0.014190,0.191971,0.022244,0.014288,
43.799999,0.000490,0.007592,0.011330,0.148741,0.012910,0.010550,
43.849998,0.000470,0.007363,0.008320,0.109642,0.007203,0.006597,
43.900002,0.000399,0.007270,0.007507,0.056762,0.007487,0.006276,
43.950001,0.000989,0.007259,0.011642,0.029615,0.007666,0.006349,
44.000000,0.001004,0.007257,0.011386,0.030587,0.001507,0.007690,
44.049999,0.000829,0.007298,0.010235,0.036174,0.001304,0.008167,
44.099998,0.000929,0.007285,0.011099,0.038544,0.001382,0.008577,
44.150002,0.000873,0.007325,0.006999,0.047016,0.001142,0.008265,
44.200001,0.000824,0.007335,0.006170,0.075931,0.001169,0.008051,
44.250000,0.000730,0.007363,0.003659,0.091707,0.000809,0.007251,
44.299999,0.000738,0.007360,0.003119,0.092874,0.000881,0.005680,
44.349998,0.000688,0.007380,0.001624,0.089526,0.000641,0.005380,
44.400002,0.000772,0.007380,0.000920,0.065796,0.000732,0.004156,
44.450001,0.000406,0.007382,0.000737,0.021978,0.000734,0.003331,
44.500000,0.000403,0.007383,0.000658,0.013396,0.000747,0.002295,
44.549999,0.000400,0.007380,0.000644,0.009893,0.000738,0.001151,
44.599998,0.000239,0.007382,0.000680,0.006006,0.000142,0.001134,
44.650002,0.000149,0.007356,0.000099,0.002898,0.000062,0.000831,
44.700001,0.000127,0.007370,0.000095,0.002157,0.000070,0.000829,
44.750000,0.000103,0.007351,0.000067,0.001247,0.000055,0.000873,
44.799999,0.000127,0.007365,0.000085,0.000526,0.000039,0.000884,
44.849998,0.000116,0.007354,0.000077,0.000545,0.000043,0.001034,
44.900002,0.000079,0.007367,0.000106,0.000400,0.000036,0.000848,
44.950001,0.000079,0.007362,0.000097,0.000367,0.000037,0.000711,
45.000000,0.000080,0.007374,0.000094,0.000409,0.000037,0.000579,
45.049999,0.000079,0.007361,0.000103,0.000613,0.000038,0.000588,
45.099998,0.000084,0.007347,0.000107,0.000671,0.000040,0.000437,
45.150002,0.000067,0.007362,0.000135,0.000630,0.000034,0.000407,
45.200001,0.000065,0.007350,0.000134,0.000971,0.000028,0.000392,
45.250000,0.000066,0.007355,0.000156,0.001101,0.000028,0.000297,
45.299999,0.000056,0.007356,0.000121,0.001026,0.000026,0.000225,
45.349998,0.000052,0.007355,0.000128,0.001540,0.000017,0.000111,
45.400002,0.000029,0.007357,0.000085,0.001533,0.000015,0.000192,
45.450001,0.000033,0.007371,0.000136,0.001572,0.000017,0.000176,
45.500000,0.000036,0.007371,0.000146,0.001617,0.000020,0.000170,
45.549999,0.000045,0.007382,0.000146,0.002115,0.000021,0.000180,
45.599998,0.000039,0.007392,0.000155,0.002517,0.000038,0.000195,
45.650002,0.000045,0.007383,0.000153,0.002513,0.000038,0.000192,
45.700001,0.000048,0.007392,0.000153,0.002300,0.000038,0.000193,
45.750000,0.000055,0.007398,0.000082,0.002062,0.000037,0.000203,
45.799999,0.000042,0.007390,0.000069,0.002265,0.000037,0.000213,
45.849998,0.000048,0.007390,0.000065,0.002788,0.000031,0.000281,
45.900002,0.000057,0.007379,0.000069,0.003073,0.000032,0.000177,
45.950001,0.000055,0.007380,0.000168,0.002938,0.000042,0.000127,
46.000000,0.000061,0.007368,0.000161,0.003030,0.000042,0.000166,
46.049999,0.000054,0.007368,0.000183,0.003318,0.000043,0.000168,
46.099998,0.000087,0.007356,0.000241,0.004436,0.000029,0.000180,
46.150002,0.000091,0.007368,0.000241,0.004532,0.000028,0.000337,
46.200001,0.000088,0.007355,0.000283,0.004737,0.000041,0.000342,
46.250000,0.000077,0.007355,0.000283,0.004574,0.000043,0.000346,
46.299999,0.000085,0.007367,0.000278,0.004536,0.000043,0.000358,
46.349998,0.000087,0.007369,0.000277,0.003718,0.000043,0.000326,
46.400002,0.000087,0.007370,0.000280,0.002506,0.000047,0.000338,
46.450001,0.000093,0.007368,0.000180,0.001545,0.000040,0.000376,
46.500000,0.000096,0.007370,0.000168,0.001565,0.000030,0.000260,
46.549999,0.000089,0.007371,0.000119,0.001551,0.000032,0.000273,
46.599998,0.000072,0.007370,0.000134,0.000830,0.000038,0.000248,
46.650002,0.000071,0.007370,0.000124,0.001070,0.000042,0.000206,
46.700001,0.000069,0.007371,0.000101,0.000815,0.000042,0.000227,
46.750000,0.000080,0.007370,0.000142,0.000920,0.000037,0.000271,
46.799999,0.000061,0.007356,0.000127,0.001116,0.000043,0.000222,
46.849998,0.000063,0.007367,0.000122,0.001160,0.000046,0.000233,
46.900002,0.000069,0.007367,0.000155,0.001409,0.000041,0.000214,
46.950001,0.000066,0.007367,0.000143,0.001434,0.000038,0.000214,
47.000000,0.000062,0.007367,0.000143,0.001322,0.000039,0.000209,
47.049999,0.000062,0.007355,0.000153,0.001221,0.000033,0.000180,
47.099998,0.000050,0.007368,0.000105,0.001262,0.000058,0.000144,
47.150002,0.000048,0.007358,0.000109,0.001115,0.000057,0.000122,
47.200001,0.000047,0.007370,0.000114,0.001405,0.000049,0.000114,
47.250000,0.000038,0.007363,0.000113,0.001565,0.000056,0.000082,
47.299999,0.000044,0.007379,0.000120,0.001356,0.000055,0.000079,
47.349998,0.000077,0.007368,0.000137,0.001744,0.000054,0.000218,
47.400002,0.000066,0.007369,0.000102,0.001349,0.000057,0.000228,
47.450001,0.000065,0.007358,0.000114,0.001389,0.000052,0.000189,
47.500000,0.000071,0.007367,0.000158,0.001377,0.000049,0.000241,
47.549999,0.000071,0.007367,0.000136,0.001439,0.000047,0.000245,
47.599998,0.000073,0.007367,0.000141,0.001428,0.000023,0.000249,
47.650002,0.000069,0.007375,0.000142,0.001820,0.000028,0.000382,
47.700001,0.000134,0.007363,0.000142,0.003075,0.000029,0.000371,
47.750000,0.000134,0.007358,0.000160,0.006814,0.000022,0.000713,
47.799999,0.000135,0.007353,0.000160,0.019379,0.000036,0.001123,
47.849998,0.000106,0.007351,0.000456,0.043011,0.000066,0.001045,
47.900002,0.000121,0.007349,0.001759,0.071920,0.000145,0.001050,
47.950001,0.000142,0.007344,0.003641,0.080639,0.000148,0.001068,
48.000000,0.000147,0.007321,0.004775,0.075829,0.000148,0.001287,
48.049999,0.000154,0.007324,0.006156,0.069242,0.000152,0.001863,
48.099998,0.000198,0.007306,0.008018,0.058784,0.000165,0.002348,
48.150002,0.000198,0.007309,0.008734,0.046880,0.000240,0.002222,
48.200001,0.000146,0.007458,0.010420,0.046831,0.000400,0.002203,
48.250000,0.000144,0.007667,0.011817,0.052540,0.002257,0.002007,
48.299999,0.000141,0.008037,0.011551,0.062274,0.002399,0.001512,
48.349998,0.000161,0.008553,0.014090,0.089945,0.003177,0.001515,
48.400002,0.000155,0.010251,0.019260,0.119078,0.003626,0.001857,
48.450001,0.000221,0.012390,0.024047,0.134310,0.003856,0.002115,
48.500000,0.000223,0.015151,0.028666,0.138371,0.004421,0.002160,
48.549999,0.000212,0.017875,0.031522,0.121141,0.005155,0.002949,
48.599998,0.000225,0.021094,0.035910,0.099788,0.005097,0.003217,
48.650002,0.000226,0.025742,0.035964,0.066160,0.004999,0.003333,
48.700001,0.000233,0.029110,0.035278,0.048079,0.004955,0.003861,
48.750000,0.000231,0.032116,0.033468,0.041721,0.003411,0.006084,
48.799999,0.000328,0.034525,0.028608,0.040662,0.003107,0.007409,
48.849998,0.000331,0.033232,0.024807,0.052513,0.001238,0.007496,
48.900002,0.000336,0.031639,0.020221,0.083351,0.001237,0.007832,
48.950001,0.000357,0.028594,0.015577,0.117064,0.001249,0.007784,
49.000000,0.000313,0.025593,0.012193,0.132764,0.001232,0.007746,
49.049999,0.000380,0.020060,0.009952,0.137556,0.001413,0.006104,
49.099998,0.000372,0.015343,0.008806,0.141620,0.001055,0.005212,
49.150002,0.000372,0.012481,0.008186,0.152800,0.001710,0.005162,
49.200001,0.000392,0.008827,0.007970,0.153275,0.001439,0.006224,
49.250000,0.001107,0.005905,0.008430,0.143773,0.005874,0.016864,
49.299999,0.000878,0.004297,0.008439,0.127799,0.005823,0.014525,
49.349998,0.000928,0.002705,0.008388,0.099871,0.005794,0.014618,
49.400002,0.000797,0.001553,0.008395,0.082457,0.005349,0.014753,
49.450001,0.000834,0.000720,0.008372,0.066705,0.005801,0.014773,
49.500000,0.000712,0.000453,0.008373,0.045284,0.006467,0.014320,
49.549999,0.000719,0.000115,0.008135,0.019483,0.007273,0.013940,
49.599998,0.000623,0.000051,0.008129,0.008316,0.008010,0.010470,
49.650002,0.000299,0.000053,0.008048,0.003597,0.008022,0.008051,
49.700001,0.000197,0.000055,0.008045,0.002612,0.007616,0.008033,
49.750000,0.000025,0.000016,0.007364,0.000382,0.000996,0.000505,
49.799999,0.000013,0.000015,0.007374,0.000309,0.000967,0.000419,
49.849998,0.000016,0.000002,0.007372,0.000247,0.000773,0.000357,
49.900002,0.000004,0.000002,0.007381,0.000030,0.000048,0.000025,
49.950001,0.000004,0.000001,0.007384,0.000025,0.000047,0.000022,
50.000000,0.000004,0.000002,0.007382,0.000027,0.000046,0.000021,
50.049999,0.000004,0.000002,0.007374,0.000030,0.000046,0.000028,
50.099998,0.000004,0.000002,0.007390,0.000021,0.000046,0.000027,
50.150002,0.000004,0.000002,0.007381,0.000022,0.000042,0.000029,
50.200001,0.000004,0.000002,0.007381,0.000021,0.000044,0.000018,
50.250000,0.000004,0.000001,0.007381,0.000025,0.000046,0.000016,
50.299999,0.000004,0.000002,0.007379,0.000012,0.000032,0.000015,
50.349998,0.000003,0.000002,0.007390,0.000011,0.000018,0.000013,
50.400002,0.000002,0.000002,0.007387,0.000008,0.000012,0.000013,
50.450001,0.000003,0.000002,0.007382,0.000017,0.000010,0.000013,
50.500000,0.000003,0.000003,0.007382,0.000019,0.000011,0.000013,
50.549999,0.000002,0.000004,0.007383,0.000020,0.000013,0.000012,
50.599998,0.000002,0.000004,0.007369,0.000021,0.000022,0.000010,
50.650002,0.000002,0.000004,0.007380,0.000018,0.000023,0.000011,
50.700001,0.000004,0.000004,0.007386,0.000018,0.000023,0.000023,
50.750000,0.000004,0.000004,0.007392,0.000012,0.000019,0.000022,
50.799999,0.000004,0.000005,0.007397,0.000012,0.000030,0.000023,
50.849998,0.000003,0.000006,0.007386,0.000015,0.000032,0.000026,
50.900002,0.000004,0.000006,0.007384,0.000010,0.000038,0.000022,
50.950001,0.000003,0.000006,0.007412,0.000008,0.000033,0.000024,
51.000000,0.000004,0.000005,0.007415,0.000011,0.000032,0.000022,
51.049999,0.000004,0.000003,0.007411,0.000016,0.000034,0.000022,
51.099998,0.000004,0.000003,0.007411,0.000030,0.000029,0.000024,
51.150002,0.000004,0.000004,0.007401,0.000031,0.000029,0.000023,
51.200001,0.000004,0.000004,0.007395,0.000031,0.000027,0.000015,
51.250000,0.000004,0.000004,0.007384,0.000029,0.000042,0.000017,
51.299999,0.000004,0.000002,0.007382,0.000029,0.000033,0.000015,
51.349998,0.000004,0.000002,0.007384,0.000026,0.000032,0.000015,
51.400002,0.000004,0.000002,0.007388,0.000025,0.000024,0.000015,
51.450001,0.000004,0.000002,0.007356,0.000024,0.000025,0.000013,
51.500000,0.000003,0.000004,0.007358,0.000024,0.000025,0.000013,
51.549999,0.000004,0.000004,0.007358,0.000018,0.000026,0.000015,
51.599998,0.000004,0.000005,0.007353,0.000004,0.000022,0.000016,
51.650002,0.000005,0.000005,0.007361,0.000003,0.000020,0.000014,
51.700001,0.000003,0.000005,0.007366,0.000004,0.000018,0.000014,
51.750000,0.000003,0.000005,0.007385,0.000013,0.000010,0.000011,
51.799999,0.000003,0.000004,0.007380,0.000013,0.000020,0.000011,
51.849998,0.000003,0.000004,0.007383,0.000015,0.000021,0.000018,
51.900002,0.000003,0.000004,0.007391,0.000014,0.000021,0.000018,
51.950001,0.000002,0.000003,0.007389,0.000014,0.000029,0.000018,
52.000000,0.000002,0.000002,0.007392,0.000014,0.000031,0.000024,
52.049999,0.000002,0.000002,0.007396,0.000014,0.000026,0.000025,
52.099998,0.000002,0.000001,0.007402,0.000014,0.000027,0.000023,
52.150002,0.000002,0.000001,0.007402,0.000013,0.000026,0.000022,
52.200001,0.000003,0.000002,0.007399,0.000011,0.000026,0.000024,
52.250000,0.000003,0.000002,0.007388,0.000009,0.000038,0.000021,
52.299999,0.000002,0.000002,0.007391,0.000008,0.000026,0.000019,
52.349998,0.000002,0.000003,0.007391,0.000008,0.000033,0.000016,
52.400002,0.000003,0.000005,0.007382,0.000008,0.000037,0.000015,
52.450001,0.000003,0.000005,0.007390,0.000009,0.000031,0.000014,
52.500000,0.000004,0.000005,0.007383,0.000009,0.000029,0.000011,
52.549999,0.000004,0.000006,0.007380,0.000012,0.000030,0.000008,
52.599998,0.000005,0.000006,0.007380,0.000012,0.000027,0.000007,
52.650002,0.000025,0.000016,0.007397,0.000031,0.000451,0.001853,
52.700001,0.000026,0.000015,0.007391,0.000151,0.000782,0.003647,
52.750000,0.000046,0.000018,0.007384,0.000151,0.001479,0.003564,
52.799999,0.000102,0.000018,0.007393,0.000281,0.004685,0.003659,
52.849998,0.000173,0.000018,0.007395,0.000288,0.008187,0.003794,
52.900002,0.000286,0.000016,0.007398,0.000308,0.011213,0.003835,
52.950001,0.000535,0.000017,0.007392,0.000308,0.023850,0.003875,
53.000000,0.001340,0.000018,0.007390,0.000326,0.079938,0.003818,
53.049999,0.003065,0.000019,0.007392,0.000458,0.150559,0.003774,
53.099998,0.007461,0.000049,0.007490,0.001973,0.284583,0.003990,
53.150002,0.011978,0.000033,0.007578,0.002853,0.496811,0.009014,
53.200001,0.024477,0.000244,0.009301,0.006662,0.628614,0.019324,
53.250000,0.037894,0.000258,0.011082,0.009421,0.623919,0.024520,
53.299999,0.047769,0.000254,0.013612,0.008233,0.538645,0.023544,
53.349998,0.056790,0.000249,0.017223,0.010651,0.430003,0.021156,
53.400002,0.057229,0.000275,0.021516,0.013669,0.313172,0.018753,
53.450001,0.053665,0.000445,0.023485,0.017419,0.220522,0.015686,
53.500000,0.047099,0.000469,0.025251,0.020440,0.183616,0.023501,
53.549999,0.037834,0.000469,0.027809,0.021216,0.162934,0.030301,
53.599998,0.028692,0.000437,0.026216,0.026845,0.167559,0.039101,
53.650002,0.020086,0.000436,0.030746,0.024726,0.185135,0.037533,
53.700001,0.018151,0.000140,0.038172,0.016792,0.177202,0.027064,
53.750000,0.016824,0.000145,0.046399,0.008808,0.183072,0.016520,
53.799999,0.014540,0.000136,0.055122,0.007049,0.182371,0.009792,
53.849998,0.013216,0.000123,0.061595,0.007385,0.191038,0.008421,
53.900002,0.010848,0.000131,0.065781,0.007974,0.228691,0.006068,
53.950001,0.009453,0.000101,0.059575,0.011320,0.514155,0.002746,
54.000000,0.008609,0.000100,0.047826,0.010436,0.720532,0.002561,
54.049999,0.008170,0.000098,0.036616,0.010370,0.886334,0.002222,
54.099998,0.007486,0.000095,0.017605,0.003539,1.014055,0.000845,
54.150002,0.007510,0.000091,0.009493,0.003428,0.891475,0.000929,
54.200001,0.007500,0.000091,0.003493,0.002376,0.696802,0.000824,
54.250000,0.007457,0.000088,0.001085,0.002191,0.445685,0.000742,
54.299999,0.007423,0.000084,0.000539,0.002089,0.226826,0.000734,
54.349998,0.007435,0.000083,0.000498,0.001934,0.065230,0.000315,
54.400002,0.007433,0.000082,0.000383,0.001953,0.007245,0.000107,
54.450001,0.007442,0.000004,0.000214,0.000013,0.005783,0.000072,
54.500000,0.007447,0.000004,0.000151,0.000030,0.005712,0.000074,
54.549999,0.007453,0.000003,0.000146,0.000030,0.004476,0.000069,
54.599998,0.007456,0.000003,0.000140,0.000030,0.003127,0.000086,
54.650002,0.007440,0.000003,0.000140,0.000031,0.001890,0.000069,
54.700001,0.007434,0.000002,0.000137,0.000033,0.001850,0.000069,
54.750000,0.007435,0.000002,0.000134,0.000033,0.000894,0.000069,
54.799999,0.007439,0.000002,0.000136,0.000029,0.000622,0.000063,
54.849998,0.007438,0.000002,0.000133,0.000028,0.000497,0.000049,
54.900002,0.007444,0.000003,0.000133,0.000029,0.000493,0.000050,
54.950001,0.007444,0.000002,0.000128,0.000031,0.000493,0.000052,
55.000000,0.007442,0.000002,0.000127,0.000012,0.000435,0.000057,
55.049999,0.007434,0.000002,0.000127,0.000013,0.000336,0.000054,
55.099998,0.007429,0.000002,0.000127,0.000013,0.000321,0.000015,
55.150002,0.007430,0.000005,0.000128,0.000015,0.000321,0.000021,
55.200001,0.007434,0.000005,0.000128,0.000016,0.000418,0.000020,
55.250000,0.007434,0.000005,0.000128,0.000019,0.000413,0.000021,
55.299999,0.007428,0.000006,0.000124,0.000022,0.000287,0.000027,
55.349998,0.007424,0.000005,0.000123,0.000023,0.000291,0.000026,
55.400002,0.007421,0.000006,0.000123,0.000024,0.000450,0.000026,
55.450001,0.007420,0.000007,0.000124,0.000021,0.000482,0.000027,
55.500000,0.007418,0.000007,0.000126,0.000131,0.000659,0.000028,
55.549999,0.007420,0.000006,0.000133,0.000192,0.001567,0.000022,
55.599998,0.007423,0.000006,0.000141,0.000185,0.001375,0.000028,
55.650002,0.007425,0.000005,0.000138,0.000191,0.001898,0.000023,
55.700001,0.007425,0.000005,0.000135,0.000194,0.002559,0.000023,
55.750000,0.007431,0.000006,0.000132,0.000198,0.002858,0.000024,
55.799999,0.007421,0.000004,0.000130,0.000198,0.002788,0.000021,
55.849998,0.007431,0.000004,0.000127,0.000206,0.002769,0.000020,
55.900002,0.007431,0.000001,0.000124,0.000199,0.002615,0.000020,
55.950001,0.007434,0.000001,0.000110,0.000210,0.002634,0.000020,
56.000000,0.007442,0.000003,0.000110,0.000123,0.002352,0.000018,
56.049999,0.007453,0.000003,0.000110,0.000040,0.000837,0.000017,
56.099998,0.007455,0.000003,0.000107,0.000024,0.000547,0.000016,
56.150002,0.007463,0.000003,0.000109,0.000024,0.000447,0.000016,
56.200001,0.007459,0.000004,0.000110,0.000024,0.000219,0.000016,
56.250000,0.007456,0.000003,0.000110,0.000020,0.000120,0.000021,
56.299999,0.007464,0.000003,0.000112,0.000013,0.000114,0.000023,
56.349998,0.007458,0.000005,0.000112,0.000014,0.000195,0.000028,
56.400002,0.007461,0.000005,0.000111,0.000016,0.000188,0.000026,
56.450001,0.007459,0.000004,0.000118,0.000017,0.000171,0.000029,
56.500000,0.007464,0.000003,0.000121,0.000016,0.000188,0.000028,
56.549999,0.007451,0.000003,0.000120,0.000017,0.000185,0.000042,
56.599998,0.007449,0.000002,0.000127,0.000013,0.000184,0.000032,
56.650002,0.007437,0.000004,0.000129,0.000013,0.000120,0.000036,
56.700001,0.007438,0.000004,0.000131,0.000010,0.000116,0.000034,
56.750000,0.007445,0.000005,0.000131,0.000012,0.000152,0.000015,
56.799999,0.007443,0.000005,0.000131,0.000013,0.000183,0.000016,
56.849998,0.007450,0.000004,0.000129,0.000015,0.000147,0.000026,
56.900002,0.007452,0.000004,0.000127,0.000017,0.000145,0.000028,
56.950001,0.007457,0.000005,0.000127,0.000017,0.000365,0.000030,
57.000000,0.007452,0.000005,0.000128,0.000024,0.000293,0.000033,
57.049999,0.007451,0.000004,0.000126,0.000023,0.000437,0.000022,
57.099998,0.007452,0.000003,0.000123,0.000024,0.000509,0.000024,
57.150002,0.007475,0.000003,0.000124,0.000024,0.000848,0.000030,
57.200001,0.007482,0.000003,0.000131,0.000028,0.000789,0.000033,
57.250000,0.007490,0.000008,0.000155,0.000036,0.000763,0.000031,
57.299999,0.007490,0.000007,0.000172,0.000042,0.000776,0.000039,
57.349998,0.007487,0.000006,0.000169,0.000030,0.000805,0.000040,
57.400002,0.007486,0.000006,0.000159,0.000031,0.000994,0.000039,
57.450001,0.007482,0.000007,0.000140,0.000031,0.001220,0.000061,
57.500000,0.007480,0.000007,0.000132,0.000043,0.001258,0.000061,
57.549999,0.007486,0.000007,0.000123,0.000059,0.001745,0.000066,
57.599998,0.007484,0.000007,0.000112,0.000056,0.001591,0.000066,
57.650002,0.007467,0.000008,0.000110,0.000056,0.000899,0.000059,
57.700001,0.007463,0.000008,0.000110,0.000061,0.000690,0.000060,
57.750000,0.007456,0.000005,0.000107,0.000058,0.000915,0.000060,
57.799999,0.007453,0.000006,0.000102,0.000049,0.002187,0.000052,
57.849998,0.007456,0.000005,0.000102,0.000187,0.005894,0.000054,
57.900002,0.007463,0.000005,0.000170,0.001671,0.014911,0.000054,
57.950001,0.007461,0.000004,0.000612,0.004611,0.031617,0.000058,
58.000000,0.007474,0.000006,0.001431,0.006427,0.048198,0.000086,
58.049999,0.007488,0.000006,0.002555,0.006163,0.073993,0.000088,
58.099998,0.007487,0.000008,0.003849,0.006071,0.102818,0.000087,
58.150002,0.007482,0.000017,0.006715,0.006262,0.146638,0.000133,
58.200001,0.007479,0.000019,0.011392,0.006183,0.185195,0.000250,
58.250000,0.007555,0.000019,0.015977,0.006549,0.189772,0.000266,
58.299999,0.007737,0.000028,0.019799,0.006995,0.192258,0.000283,
58.349998,0.008224,0.000033,0.024317,0.007180,0.206102,0.000491,
58.400002,0.008668,0.000048,0.035092,0.006412,0.183202,0.000662,
58.450001,0.009947,0.000049,0.038066,0.003692,0.166950,0.000680,
58.500000,0.010915,0.000048,0.037675,0.000521,0.156619,0.000664,
58.549999,0.011536,0.000046,0.034649,0.000491,0.148572,0.000734,
58.599998,0.012622,0.000046,0.030061,0.000671,0.141325,0.000877,
58.650002,0.013484,0.000035,0.026153,0.000667,0.141870,0.000666,
58.700001,0.014357,0.000036,0.023448,0.000688,0.141888,0.000238,
58.750000,0.016435,0.000036,0.021111,0.000636,0.184829,0.000383,
58.799999,0.019790,0.000028,0.018225,0.000578,0.265957,0.000601,
58.849998,0.027525,0.000029,0.017106,0.001394,0.281230,0.001296,
58.900002,0.037641,0.000428,0.015960,0.001575,0.299471,0.001655,
58.950001,0.046498,0.000411,0.018515,0.001658,0.295039,0.002437,
59.000000,0.054121,0.000441,0.019175,0.001242,0.216293,0.003819,
59.049999,0.055143,0.000450,0.017564,0.001371,0.228824,0.003562,
59.099998,0.052266,0.000483,0.016428,0.001415,0.362462,0.003381,
59.150002,0.044322,0.000562,0.014754,0.001413,0.510437,0.002535,
59.200001,0.033214,0.000563,0.012903,0.001503,0.677610,0.002546,
59.250000,0.019497,0.000600,0.015475,0.005712,1.026955,0.009675,
59.299999,0.009927,0.000613,0.015100,0.005720,0.941079,0.010257,
59.349998,0.004781,0.000617,0.015061,0.004606,0.847252,0.010417,
59.400002,0.002927,0.000170,0.009534,0.003974,0.694687,0.010317,
59.450001,0.001767,0.000157,0.009541,0.003147,0.352651,0.009253,
59.500000,0.001660,0.000152,0.009517,0.003033,0.153474,0.006324,
59.549999,0.001621,0.000151,0.009517,0.003058,0.086244,0.005312,
59.599998,0.001623,0.000142,0.009516,0.002968,0.072313,0.003957,
59.650002,0.001587,0.000098,0.009511,0.002897,0.065126,0.002863,
59.700001,0.001593,0.000091,0.009042,0.002888,0.063437,0.002850,
59.750000,0.000010,0.000002,0.007373,0.000031,0.000033,0.000026,
59.799999,0.000009,0.000002,0.007378,0.000012,0.000021,0.000027,
59.849998,0.000008,0.000002,0.007378,0.000013,0.000031,0.000027,
59.900002,0.000008,0.000002,0.007385,0.000013,0.000038,0.000004,
59.950001,0.000008,0.000002,0.007376,0.000013,0.000039,0.000004,
60.000000,0.000007,0.000002,0.007375,0.000006,0.000034,0.000006,
60.049999,0.000008,0.000002,0.007380,0.000006,0.000039,0.000006,
60.099998,0.000007,0.000002,0.007383,0.000006,0.000032,0.000008,
60.150002,0.000006,0.000002,0.007383,0.000015,0.000033,0.000007,
60.200001,0.000006,0.000002,0.007386,0.000016,0.000034,0.000009,
60.250000,0.000003,0.000002,0.007387,0.000014,0.000033,0.000009,
60.299999,0.000003,0.000002,0.007386,0.000013,0.000031,0.000010,
60.349998,0.000004,0.000003,0.007380,0.000013,0.000022,0.000016,
60.400002,0.000004,0.000003,0.007380,0.000014,0.000013,0.000017,
60.450001,0.000004,0.000003,0.007380,0.000015,0.000012,0.000020,
60.500000,0.000004,0.000003,0.007382,0.000013,0.000010,0.000020,
60.549999,0.000003,0.000004,0.007374,0.000012,0.000008,0.000020,
60.599998,0.000003,0.000004,0.007387,0.000019,0.000006,0.000023,
60.650002,0.000005,0.000004,0.007383,0.000015,0.000005,0.000021,
60.700001,0.000005,0.000003,0.007383,0.000017,0.000003,0.000021,
60.750000,0.000005,0.000004,0.007381,0.000018,0.000017,0.000024,
60.799999,0.000005,0.000004,0.007385,0.000018,0.000019,0.000024,
60.849998,0.000005,0.000002,0.007386,0.000018,0.000018,0.000022,
60.900002,0.000004,0.000002,0.007379,0.000020,0.000019,0.000024,
60.950001,0.000004,0.000002,0.007370,0.000020,0.000018,0.000020,
61.000000,0.000005,0.000002,0.007370,0.000022,0.000029,0.000019,
61.049999,0.000005,0.000002,0.007369,0.000022,0.000034,0.000020,
61.099998,0.000004,0.000002,0.007350,0.000018,0.000036,0.000010,
61.150002,0.000003,0.000002,0.007350,0.000015,0.000051,0.000009,
61.200001,0.000004,0.000002,0.007348,0.000020,0.000050,0.000007,
61.250000,0.000004,0.000001,0.007354,0.000019,0.000053,0.000013,
61.299999,0.000005,0.000001,0.007353,0.000020,0.000051,0.000013,
61.349998,0.000005,0.000002,0.007367,0.000021,0.000062,0.000013,
61.400002,0.000006,0.000003,0.007367,0.000018,0.000061,0.000012,
61.450001,0.000006,0.000003,0.007373,0.000018,0.000061,0.000013,
61.500000,0.000005,0.000003,0.007371,0.000017,0.000059,0.000016,
61.549999,0.000005,0.000003,0.007380,0.000017,0.000051,0.000018,
61.599998,0.000008,0.000002,0.007377,0.000013,0.000054,0.000018,
61.650002,0.000008,0.000002,0.007378,0.000011,0.000065,0.000025,
61.700001,0.000007,0.000002,0.007390,0.000007,0.000065,0.000025,
61.750000,0.000005,0.000002,0.007391,0.000008,0.000052,0.000021,
61.799999,0.000005,0.000004,0.007388,0.000007,0.000053,0.000020,
61.849998,0.000003,0.000005,0.007375,0.000008,0.000039,0.000019,
61.900002,0.000005,0.000005,0.007380,0.000010,0.000041,0.000027,
61.950001,0.000006,0.000005,0.007379,0.000008,0.000044,0.000025,
62.000000,0.000011,0.000006,0.007379,0.000007,0.000041,0.000027,
62.049999,0.000026,0.000007,0.086205,0.000006,0.000043,0.000025,
62.099998,0.000027,0.000007,0.100328,0.000006,0.000033,0.000025,
62.150002,0.000032,0.000007,0.118802,0.000006,0.000017,0.000012,
62.200001,0.000037,0.000007,0.137027,0.000006,0.000016,0.000011,
62.250000,0.000042,0.000007,0.150920,0.000005,0.000017,0.000011,
62.299999,0.000046,0.000005,0.156142,0.000004,0.000018,0.000010,
62.349998,0.000048,0.000002,0.148055,0.000004,0.000018,0.000010,
62.400002,0.000041,0.000002,0.122192,0.000000,0.000014,0.000005,
62.450001,0.000033,0.000000,0.074332,0.000000,0.000000,0.000005,
0.000000,0.000000,0.000000,0.000000,0.000000,0.000000,0.000000,
